,TickerSymbol,ContractName,Open,High,Low,Close,Settlement,Volume,OpenInterest,Date
0,PEGAS G8BM022022,Feb-2022,68.75,80.0,68.75,76.0,81.82,81.0,10203,2022-01-03T00:00:00.0000000
1,PEGAS G8BM022022,Feb-2022,87.5,97.5,87.5,96.0,90.606,66.0,10247,2022-01-04T00:00:00.0000000
2,PEGAS G8BM022022,Feb-2022,94.45,95.7,92.45,92.45,93.142,51.0,10282,2022-01-05T00:00:00.0000000
3,PEGAS G8BM022022,Feb-2022,97.55,97.55,93.0,94.5,97.729,1123.0,11158,2022-01-06T00:00:00.0000000
4,PEGAS G8BM022022,Feb-2022,94.8,97.0,86.9,86.9,90.361,112.0,11257,2022-01-07T00:00:00.0000000
5,PEGAS G8BM022022,Feb-2022,86.2,91.95,86.0,86.0,86.822,210.0,11437,2022-01-10T00:00:00.0000000
6,PEGAS G8BM022022,Feb-2022,85.0,85.5,81.5,81.5,80.259,139.0,11556,2022-01-11T00:00:00.0000000
7,PEGAS G8BM022022,Feb-2022,83.5,83.5,76.8,76.8,77.269,214.0,11872,2022-01-12T00:00:00.0000000
8,PEGAS G8BM022022,Feb-2022,74.4,84.0,74.4,84.0,87.093,386.0,12246,2022-01-13T00:00:00.0000000
9,PEGAS G8BM022022,Feb-2022,95.0,95.0,90.0,92.5,88.217,396.0,12556,2022-01-14T00:00:00.0000000
10,PEGAS G8BM022022,Feb-2022,84.0,86.6,78.8,78.8,78.68,92.0,12643,2022-01-17T00:00:00.0000000
11,PEGAS G8BM022022,Feb-2022,81.5,82.0,79.0,80.25,79.915,207.0,12850,2022-01-18T00:00:00.0000000
12,PEGAS G8BM022022,Feb-2022,74.0,76.4,74.0,76.4,77.617,271.0,13074,2022-01-19T00:00:00.0000000
13,PEGAS G8BM022022,Feb-2022,73.0,77.95,72.5,77.95,76.651,231.0,13299,2022-01-20T00:00:00.0000000
14,PEGAS G8BM022022,Feb-2022,78.0,84.5,78.0,81.0,81.2,489.0,14088,2022-01-21T00:00:00.0000000
15,PEGAS G8BM022022,Feb-2022,85.5,96.0,85.5,94.0,95.13,288.0,14481,2022-01-24T00:00:00.0000000
16,PEGAS G8BM022022,Feb-2022,92.0,96.5,92.0,93.45,95.985,361.0,15223,2022-01-25T00:00:00.0000000
17,PEGAS G8BM022022,Feb-2022,91.0,94.5,91.0,92.675,94.075,318.0,15668,2022-01-26T00:00:00.0000000
18,PEGAS G8BM022022,Feb-2022,94.0,95.0,92.875,93.0,94.971,399.0,16042,2022-01-27T00:00:00.0000000
19,PEGAS G8BM022022,Feb-2022,94.85,94.85,93.0,94.0,94.514,379.0,16544,2022-01-28T00:00:00.0000000
20,PEGAS G8BM032022,Mar-2022,89.0,90.0,86.8,86.8,86.631,97.0,8774,2022-01-31T00:00:00.0000000
21,PEGAS G8BM032022,Mar-2022,78.1,78.6,76.5,77.7,77.7,166.0,8922,2022-02-01T00:00:00.0000000
22,PEGAS G8BM032022,Mar-2022,79.0,81.0,79.0,80.5,79.649,118.0,8990,2022-02-02T00:00:00.0000000
23,PEGAS G8BM032022,Mar-2022,80.15,81.5,79.5,81.5,82.348,67.0,9041,2022-02-03T00:00:00.0000000
24,PEGAS G8BM032022,Mar-2022,83.5,84.3,82.67,82.67,84.519,341.0,9374,2022-02-04T00:00:00.0000000
25,PEGAS G8BM032022,Mar-2022,78.45,80.5,78.4,80.2,81.455,325.0,9664,2022-02-07T00:00:00.0000000
26,PEGAS G8BM032022,Mar-2022,83.5,83.5,77.7,77.7,79.312,393.0,10021,2022-02-08T00:00:00.0000000
27,PEGAS G8BM032022,Mar-2022,78.65,78.65,76.5,77.85,76.494,101.0,10151,2022-02-09T00:00:00.0000000
28,PEGAS G8BM032022,Mar-2022,76.0,76.1,75.5,75.5,76.312,68.0,10219,2022-02-10T00:00:00.0000000
29,PEGAS G8BM032022,Mar-2022,76.35,79.3,76.0,79.3,79.638,142.0,10356,2022-02-11T00:00:00.0000000
30,PEGAS G8BM032022,Mar-2022,85.5,85.5,82.0,82.0,83.055,167.0,10512,2022-02-14T00:00:00.0000000
31,PEGAS G8BM032022,Mar-2022,81.03,81.03,69.32,70.0,71.3,266.0,11164,2022-02-15T00:00:00.0000000
32,PEGAS G8BM032022,Mar-2022,68.35,73.0,68.35,72.65,71.999,155.0,11319,2022-02-16T00:00:00.0000000
33,PEGAS G8BM032022,Mar-2022,75.0,76.67,73.3,76.67,77.07,435.0,11762,2022-02-17T00:00:00.0000000
34,PEGAS G8BM032022,Mar-2022,73.4,75.5,72.65,73.5,76.095,607.0,12244,2022-02-18T00:00:00.0000000
35,PEGAS G8BM032022,Mar-2022,71.75,77.0,71.75,73.7,74.3,330.0,12516,2022-02-21T00:00:00.0000000
36,PEGAS G8BM032022,Mar-2022,74.5,81.5,74.5,81.4,81.688,127.0,12638,2022-02-22T00:00:00.0000000
37,PEGAS G8BM032022,Mar-2022,84.7,91.0,84.7,91.0,90.321,395.0,12980,2022-02-23T00:00:00.0000000
38,PEGAS G8BM032022,Mar-2022,110.0,121.5,107.0,121.5,136.35,222.0,13202,2022-02-24T00:00:00.0000000
39,PEGAS G8BM032022,Mar-2022,108.75,108.75,108.75,108.75,95.433,134.0,13360,2022-02-25T00:00:00.0000000
40,PEGAS G8BM042022,Apr-2022,104.725,110.0,102.0,102.0,100.132,337.0,865,2022-02-28T00:00:00.0000000
41,PEGAS G8BM042022,Apr-2022,109.0,123.0,109.0,123.0,123.0,33.0,898,2022-03-01T00:00:00.0000000
42,PEGAS G8BM042022,Apr-2022,170.0,175.0,158.0,175.0,167.119,492.0,1386,2022-03-02T00:00:00.0000000
43,PEGAS G8BM042022,Apr-2022,185.0,185.0,163.0,170.0,163.445,342.0,1725,2022-03-03T00:00:00.0000000
44,PEGAS G8BM042022,Apr-2022,160.0,202.0,160.0,194.0,195.16,98.0,1815,2022-03-04T00:00:00.0000000
45,PEGAS G8BM042022,Apr-2022,287.0,310.0,231.0,231.0,227.377,126.0,1941,2022-03-07T00:00:00.0000000
46,PEGAS G8BM042022,Apr-2022,245.0,245.0,200.0,214.0,215.629,150.0,2082,2022-03-08T00:00:00.0000000
47,PEGAS G8BM042022,Apr-2022,196.0,196.0,157.0,161.75,156.168,870.0,2945,2022-03-09T00:00:00.0000000
48,PEGAS G8BM042022,Apr-2022,151.0,155.0,132.6,134.7,125.276,342.0,3145,2022-03-10T00:00:00.0000000
49,PEGAS G8BM042022,Apr-2022,116.5,134.5,116.5,133.15,133.972,404.0,3451,2022-03-11T00:00:00.0000000
50,PEGAS G8BM042022,Apr-2022,120.0,120.1,114.7,115.4,116.655,217.0,3541,2022-03-14T00:00:00.0000000
51,PEGAS G8BM042022,Apr-2022,114.0,125.0,114.0,120.0,116.486,265.0,3667,2022-03-15T00:00:00.0000000
52,PEGAS G8BM042022,Apr-2022,116.5,116.5,104.5,104.5,103.081,174.0,4243,2022-03-16T00:00:00.0000000
53,PEGAS G8BM042022,Apr-2022,110.0,113.6,105.1,105.1,105.071,390.0,4862,2022-03-17T00:00:00.0000000
54,PEGAS G8BM042022,Apr-2022,110.0,110.0,101.5,102.75,106.781,719.0,5552,2022-03-18T00:00:00.0000000
55,PEGAS G8BM042022,Apr-2022,100.175,100.175,96.0,96.0,97.438,195.0,5610,2022-03-21T00:00:00.0000000
56,PEGAS G8BM042022,Apr-2022,96.5,101.225,96.5,100.0,100.167,288.0,5738,2022-03-22T00:00:00.0000000
57,PEGAS G8BM042022,Apr-2022,102.0,126.0,102.0,117.575,117.715,370.0,5967,2022-03-23T00:00:00.0000000
58,PEGAS G8BM042022,Apr-2022,125.0,125.0,109.0,109.0,112.206,527.0,6200,2022-03-24T00:00:00.0000000
59,PEGAS G8BM042022,Apr-2022,104.0,110.0,100.025,100.025,103.941,478.0,6561,2022-03-25T00:00:00.0000000
60,PEGAS G8BM042022,Apr-2022,98.4,110.0,98.4,106.0,103.677,654.0,7035,2022-03-28T00:00:00.0000000
61,PEGAS G8BM042022,Apr-2022,112.8,115.0,108.0,110.0,109.439,503.0,12814,2022-03-29T00:00:00.0000000
62,PEGAS G8BM042022,Apr-2022,124.8,126.0,120.5,120.5,119.9,667.0,13092,2022-03-30T00:00:00.0000000
63,PEGAS G8BM052022,May-2022,126.0,126.5,115.95,126.0,126.85,107.0,7066,2022-03-31T00:00:00.0000000
64,PEGAS G8BM052022,May-2022,126.5,126.5,120.0,120.0,114.61,33.0,7094,2022-04-01T00:00:00.0000000
65,PEGAS G8BM052022,May-2022,109.0,112.4,109.0,112.0,111.25,136.0,7205,2022-04-04T00:00:00.0000000
66,PEGAS G8BM052022,May-2022,110.0,113.5,107.0,109.4,110.283,111.0,7257,2022-04-05T00:00:00.0000000
67,PEGAS G8BM052022,May-2022,110.0,112.5,110.0,110.0,108.42,114.0,7306,2022-04-06T00:00:00.0000000
68,PEGAS G8BM052022,May-2022,107.9,108.5,106.0,106.2,106.745,168.0,7412,2022-04-07T00:00:00.0000000
69,PEGAS G8BM052022,May-2022,110.0,110.0,105.0,105.0,105.21,238.0,7494,2022-04-08T00:00:00.0000000
70,PEGAS G8BM052022,May-2022,103.5,104.15,103.5,104.1,102.33,98.0,7614,2022-04-11T00:00:00.0000000
71,PEGAS G8BM052022,May-2022,105.2,106.5,105.2,105.25,105.01,118.0,7762,2022-04-12T00:00:00.0000000
72,PEGAS G8BM052022,May-2022,106.0,108.0,106.0,108.0,108.335,81.0,7818,2022-04-13T00:00:00.0000000
73,PEGAS G8BM052022,May-2022,104.0,104.7,102.75,102.75,98.627,101.0,7910,2022-04-14T00:00:00.0000000
74,PEGAS G8BM052022,May-2022,97.2,98.0,96.6,96.8,96.65,75.0,8005,2022-04-19T00:00:00.0000000
75,PEGAS G8BM052022,May-2022,98.7,102.2,98.7,102.2,98.01,195.0,8181,2022-04-20T00:00:00.0000000
76,PEGAS G8BM052022,May-2022,100.0,102.0,100.0,102.0,103.5,177.0,8358,2022-04-21T00:00:00.0000000
77,PEGAS G8BM052022,May-2022,103.5,103.9,98.5,98.5,98.78,103.0,8547,2022-04-22T00:00:00.0000000
78,PEGAS G8BM052022,May-2022,99.5,101.0,98.3,98.3,95.9,132.0,8646,2022-04-25T00:00:00.0000000
79,PEGAS G8BM052022,May-2022,94.5,95.9,93.0,95.9,106.0,330.0,8924,2022-04-26T00:00:00.0000000
80,PEGAS G8BM052022,May-2022,112.0,113.0,110.0,113.0,111.05,98.0,9022,2022-04-27T00:00:00.0000000
81,PEGAS G8BM052022,May-2022,106.0,106.0,103.0,104.0,102.28,177.0,9204,2022-04-28T00:00:00.0000000
82,PEGAS G8BM062022,Jun-2022,102.0,104.2,101.7,104.2,102.41,651.0,7140,2022-04-29T00:00:00.0000000
83,PEGAS G8BM062022,Jun-2022,99.6,99.6,98.325,99.3,99.312,26.0,7157,2022-05-02T00:00:00.0000000
84,PEGAS G8BM062022,Jun-2022,100.5,105.1,100.0,102.0,102.0,139.0,7286,2022-05-03T00:00:00.0000000
85,PEGAS G8BM062022,Jun-2022,103.0,108.25,103.0,108.25,105.68,61.0,7444,2022-05-04T00:00:00.0000000
86,PEGAS G8BM062022,Jun-2022,107.2,108.25,106.2,106.2,108.2,312.0,7731,2022-05-05T00:00:00.0000000
87,PEGAS G8BM062022,Jun-2022,106.6,108.0,101.7,102.3,102.918,410.0,7992,2022-05-06T00:00:00.0000000
88,PEGAS G8BM062022,Jun-2022,97.6,99.8,96.805,98.125,95.551,77.0,8068,2022-05-09T00:00:00.0000000
89,PEGAS G8BM062022,Jun-2022,93.1,95.725,92.75,94.35,100.92,205.0,8267,2022-05-10T00:00:00.0000000
90,PEGAS G8BM062022,Jun-2022,98.8,100.0,96.0,97.3,97.06,186.0,8500,2022-05-11T00:00:00.0000000
91,PEGAS G8BM062022,Jun-2022,109.0,117.5,108.4,108.4,109.95,281.0,8748,2022-05-12T00:00:00.0000000
92,PEGAS G8BM062022,Jun-2022,106.0,106.0,101.675,101.675,100.334,582.0,9171,2022-05-13T00:00:00.0000000
93,PEGAS G8BM062022,Jun-2022,96.0,97.8,95.19,95.25,95.29,84.0,9249,2022-05-16T00:00:00.0000000
94,PEGAS G8BM062022,Jun-2022,94.5,100.0,92.75,98.5,96.46,332.0,9514,2022-05-17T00:00:00.0000000
95,PEGAS G8BM062022,Jun-2022,100.5,102.0,96.525,96.525,97.343,312.0,9866,2022-05-18T00:00:00.0000000
96,PEGAS G8BM062022,Jun-2022,98.0,98.0,92.8,93.54,93.435,87.0,9998,2022-05-19T00:00:00.0000000
97,PEGAS G8BM062022,Jun-2022,92.0,93.2,91.35,91.35,90.582,158.0,10127,2022-05-20T00:00:00.0000000
98,PEGAS G8BM062022,Jun-2022,86.3,88.9,85.5,86.9,86.24,191.0,10308,2022-05-23T00:00:00.0000000
99,PEGAS G8BM062022,Jun-2022,88.0,90.0,86.2,86.2,87.75,193.0,10643,2022-05-24T00:00:00.0000000
100,PEGAS G8BM062022,Jun-2022,88.0,89.2,87.0,88.0,91.23,274.0,10875,2022-05-25T00:00:00.0000000
101,PEGAS G8BM062022,Jun-2022,88.6,89.4,88.0,89.0,89.78,175.0,11031,2022-05-26T00:00:00.0000000
102,PEGAS G8BM062022,Jun-2022,87.0,88.0,86.5,88.0,90.483,121.0,11128,2022-05-27T00:00:00.0000000
103,PEGAS G8BM062022,Jun-2022,91.0,92.0,90.3,90.9,91.97,890.0,12007,2022-05-30T00:00:00.0000000
104,PEGAS G8BM072022,Jul-2022,95.0,97.49,95.0,97.49,96.457,263.0,1322,2022-05-31T00:00:00.0000000
105,PEGAS G8BM072022,Jul-2022,91.6,91.6,85.0,85.0,88.057,327.0,1607,2022-06-01T00:00:00.0000000
106,PEGAS G8BM072022,Jul-2022,88.0,88.0,88.0,88.0,85.955,8.0,1612,2022-06-02T00:00:00.0000000
107,PEGAS G8BM072022,Jul-2022,84.95,84.95,84.95,84.95,85.054,10.0,1622,2022-06-03T00:00:00.0000000
108,PEGAS G8BM072022,Jul-2022,85.5,86.0,85.5,86.0,84.009,235.0,1967,2022-06-06T00:00:00.0000000
109,PEGAS G8BM072022,Jul-2022,81.0,82.75,81.0,81.7,80.915,327.0,2268,2022-06-07T00:00:00.0000000
110,PEGAS G8BM072022,Jul-2022,80.0,80.9,80.0,80.25,80.904,289.0,2557,2022-06-08T00:00:00.0000000
111,PEGAS G8BM072022,Jul-2022,90.0,92.8,86.0,86.0,86.357,242.0,2786,2022-06-09T00:00:00.0000000
112,PEGAS G8BM072022,Jul-2022,85.6,86.6,85.5,85.75,84.267,246.0,3018,2022-06-10T00:00:00.0000000
113,PEGAS G8BM072022,Jul-2022,85.0,85.95,84.925,85.5,84.639,237.0,3219,2022-06-13T00:00:00.0000000
114,PEGAS G8BM072022,Jul-2022,86.5,100.5,86.5,99.0,97.924,443.0,3643,2022-06-14T00:00:00.0000000
115,PEGAS G8BM072022,Jul-2022,102.1,113.75,100.0,113.75,122.261,102.0,3735,2022-06-15T00:00:00.0000000
116,PEGAS G8BM072022,Jul-2022,130.0,145.0,130.0,134.0,128.237,39.0,3774,2022-06-16T00:00:00.0000000
117,PEGAS G8BM072022,Jul-2022,126.0,133.5,123.0,125.75,120.876,233.0,4067,2022-06-17T00:00:00.0000000
118,PEGAS G8BM072022,Jul-2022,130.3,130.3,124.5,125.5,124.768,159.0,4371,2022-06-20T00:00:00.0000000
119,PEGAS G8BM072022,Jul-2022,129.0,129.5,126.5,128.0,127.922,212.0,4638,2022-06-21T00:00:00.0000000
120,PEGAS G8BM072022,Jul-2022,132.4,133.0,132.0,132.0,130.182,19.0,4652,2022-06-22T00:00:00.0000000
121,PEGAS G8BM072022,Jul-2022,132.5,140.7,132.5,137.6,137.594,148.0,4797,2022-06-23T00:00:00.0000000
122,PEGAS G8BM072022,Jul-2022,135.6,135.75,135.0,135.0,132.529,173.0,5070,2022-06-24T00:00:00.0000000
123,PEGAS G8BM072022,Jul-2022,136.3,136.3,133.2,134.75,134.211,206.0,5271,2022-06-27T00:00:00.0000000
124,PEGAS G8BM072022,Jul-2022,131.2,135.5,131.2,135.5,134.806,175.0,15533,2022-06-28T00:00:00.0000000
125,PEGAS G8BM072022,Jul-2022,136.6,148.0,136.6,144.3,144.98,126.0,15851,2022-06-29T00:00:00.0000000
126,PEGAS G8BM082022,Aug-2022,147.5,155.0,147.5,154.0,150.1,46.0,11450,2022-06-30T00:00:00.0000000
127,PEGAS G8BM082022,Aug-2022,151.25,152.0,150.5,150.5,152.3,89.0,11539,2022-07-01T00:00:00.0000000
128,PEGAS G8BM082022,Aug-2022,163.1,166.0,163.1,166.0,168.871,13.0,11562,2022-07-04T00:00:00.0000000
129,PEGAS G8BM082022,Aug-2022,169.05,178.0,169.05,169.2,170.355,66.0,11778,2022-07-05T00:00:00.0000000
130,PEGAS G8BM082022,Aug-2022,165.0,171.8,165.0,171.6,175.14,21.0,11804,2022-07-06T00:00:00.0000000
131,PEGAS G8BM082022,Aug-2022,182.5,190.6,182.5,190.6,188.43,8.0,11812,2022-07-07T00:00:00.0000000
132,PEGAS G8BM082022,Aug-2022,189.3,189.3,177.0,181.0,180.66,320.0,12077,2022-07-08T00:00:00.0000000
133,PEGAS G8BM082022,Aug-2022,177.1,177.1,172.0,172.0,169.598,8.0,12085,2022-07-11T00:00:00.0000000
134,PEGAS G8BM082022,Aug-2022,179.0,179.0,175.5,176.0,177.323,186.0,12248,2022-07-12T00:00:00.0000000
135,PEGAS G8BM082022,Aug-2022,187.0,187.0,185.0,186.3,184.412,93.0,12337,2022-07-13T00:00:00.0000000
136,PEGAS G8BM082022,Aug-2022,184.5,184.5,180.0,182.3,179.107,20.0,12357,2022-07-14T00:00:00.0000000
137,PEGAS G8BM082022,Aug-2022,174.3,174.3,169.5,169.5,163.72,67.0,12588,2022-07-15T00:00:00.0000000
138,PEGAS G8BM082022,Aug-2022,162.0,162.0,162.0,162.0,161.09,46.0,12634,2022-07-18T00:00:00.0000000
139,PEGAS G8BM082022,Aug-2022,165.0,165.1,164.45,165.0,158.83,122.0,12756,2022-07-19T00:00:00.0000000
140,PEGAS G8BM082022,Aug-2022,163.5,165.5,157.5,157.5,159.26,43.0,12799,2022-07-20T00:00:00.0000000
141,PEGAS G8BM082022,Aug-2022,155.0,156.5,151.9,156.5,159.775,38.0,12837,2022-07-21T00:00:00.0000000
142,PEGAS G8BM082022,Aug-2022,167.15,168.5,166.7,166.7,164.461,155.0,13076,2022-07-22T00:00:00.0000000
143,PEGAS G8BM082022,Aug-2022,170.5,171.6,166.2,171.6,180.275,182.0,13258,2022-07-25T00:00:00.0000000
144,PEGAS G8BM082022,Aug-2022,193.3,200.0,193.3,200.0,204.76,163.0,13406,2022-07-26T00:00:00.0000000
145,PEGAS G8BM082022,Aug-2022,222.2,222.2,208.0,215.0,210.502,115.0,13773,2022-07-27T00:00:00.0000000
146,PEGAS G8BM082022,Aug-2022,206.9,210.1,206.9,207.5,203.335,862.0,14586,2022-07-28T00:00:00.0000000
147,PEGAS G8BM092022,Sep-2022,195.0,198.75,195.0,198.75,193.895,108.0,14121,2022-07-29T00:00:00.0000000
148,PEGAS G8BM092022,Sep-2022,204.8,205.0,200.5,202.25,204.225,148.0,14253,2022-08-01T00:00:00.0000000
149,PEGAS G8BM092022,Sep-2022,207.75,212.4,206.5,206.5,206.932,206.0,14453,2022-08-02T00:00:00.0000000
150,PEGAS G8BM092022,Sep-2022,204.7,208.0,200.0,200.5,201.188,122.0,14561,2022-08-03T00:00:00.0000000
151,PEGAS G8BM092022,Sep-2022,199.1,199.1,195.0,198.3,200.998,46.0,14597,2022-08-04T00:00:00.0000000
152,PEGAS G8BM092022,Sep-2022,204.0,204.0,197.5,199.0,198.1,121.0,14716,2022-08-05T00:00:00.0000000
153,PEGAS G8BM092022,Sep-2022,200.0,200.0,194.0,194.0,194.637,173.0,14978,2022-08-08T00:00:00.0000000
154,PEGAS G8BM092022,Sep-2022,191.3,193.5,190.45,193.5,193.128,98.0,15041,2022-08-09T00:00:00.0000000
155,PEGAS G8BM092022,Sep-2022,197.6,208.1,197.6,208.1,206.16,111.0,15266,2022-08-10T00:00:00.0000000
156,PEGAS G8BM092022,Sep-2022,213.25,213.3,209.7,212.8,208.541,117.0,15380,2022-08-11T00:00:00.0000000
157,PEGAS G8BM092022,Sep-2022,205.0,207.0,203.1,205.47,206.662,98.0,15475,2022-08-12T00:00:00.0000000
158,PEGAS G8BM092022,Sep-2022,213.0,216.0,213.0,216.0,220.3,35.0,15510,2022-08-15T00:00:00.0000000
159,PEGAS G8BM092022,Sep-2022,230.5,244.0,226.1,229.0,226.589,245.0,15775,2022-08-16T00:00:00.0000000
160,PEGAS G8BM092022,Sep-2022,230.75,236.5,227.665,227.665,226.303,108.0,16041,2022-08-17T00:00:00.0000000
161,PEGAS G8BM092022,Sep-2022,231.0,237.5,230.0,237.5,241.082,246.0,16250,2022-08-18T00:00:00.0000000
162,PEGAS G8BM092022,Sep-2022,243.0,245.75,240.5,241.0,243.95,241.0,16381,2022-08-19T00:00:00.0000000
163,PEGAS G8BM092022,Sep-2022,282.5,282.5,270.1,270.1,276.07,39.0,16345,2022-08-22T00:00:00.0000000
164,PEGAS G8BM092022,Sep-2022,276.0,276.0,264.0,264.0,268.652,38.0,16388,2022-08-23T00:00:00.0000000
165,PEGAS G8BM092022,Sep-2022,270.0,289.36,270.0,289.36,291.7,168.0,16551,2022-08-24T00:00:00.0000000
166,PEGAS G8BM092022,Sep-2022,312.0,316.0,304.0,304.0,321.51,205.0,16960,2022-08-25T00:00:00.0000000
167,PEGAS G8BM092022,Sep-2022,295.0,314.0,295.0,314.0,337.09,7.0,16966,2022-08-26T00:00:00.0000000
168,PEGAS G8BM092022,Sep-2022,,,,,274.742,30.0,16996,2022-08-29T00:00:00.0000000
169,PEGAS G8BM092022,Sep-2022,258.0,273.75,256.9,260.5,260.5,759.0,17953,2022-08-30T00:00:00.0000000
170,PEGAS G8BM102022,Oct-2022,223.25,223.25,223.25,223.25,244.18,11.0,586,2022-08-31T00:00:00.0000000
171,PEGAS G8BM102022,Oct-2022,247.6,247.6,245.0,245.0,244.038,53.0,599,2022-09-01T00:00:00.0000000
172,PEGAS G8BM102022,Oct-2022,221.55,223.7,209.0,214.0,216.672,670.0,1188,2022-09-02T00:00:00.0000000
173,PEGAS G8BM102022,Oct-2022,267.0,272.0,242.0,242.0,246.865,65.0,1252,2022-09-05T00:00:00.0000000
174,PEGAS G8BM102022,Oct-2022,218.3,240.0,218.3,240.0,240.898,67.0,1319,2022-09-06T00:00:00.0000000
175,PEGAS G8BM102022,Oct-2022,231.2,231.2,215.5,215.5,212.057,122.0,1410,2022-09-07T00:00:00.0000000
176,PEGAS G8BM102022,Oct-2022,211.0,218.0,209.75,218.0,216.772,86.0,1481,2022-09-08T00:00:00.0000000
177,PEGAS G8BM102022,Oct-2022,212.0,213.75,201.985,201.985,208.032,247.0,1892,2022-09-09T00:00:00.0000000
178,PEGAS G8BM102022,Oct-2022,199.9,199.9,191.5,191.5,192.046,238.0,2084,2022-09-12T00:00:00.0000000
179,PEGAS G8BM102022,Oct-2022,186.5,199.0,186.5,199.0,199.1,56.0,2123,2022-09-13T00:00:00.0000000
180,PEGAS G8BM102022,Oct-2022,206.0,224.9,206.0,224.9,218.538,25.0,2208,2022-09-14T00:00:00.0000000
181,PEGAS G8BM102022,Oct-2022,229.0,229.89,213.5,213.5,215.866,93.0,2566,2022-09-15T00:00:00.0000000
182,PEGAS G8BM102022,Oct-2022,203.0,203.0,188.15,193.5,189.1,190.0,2722,2022-09-16T00:00:00.0000000
183,PEGAS G8BM102022,Oct-2022,178.0,188.25,178.0,183.0,183.783,39.0,2757,2022-09-19T00:00:00.0000000
184,PEGAS G8BM102022,Oct-2022,178.3,195.075,178.3,195.075,194.871,149.0,2889,2022-09-20T00:00:00.0000000
185,PEGAS G8BM102022,Oct-2022,211.0,211.0,193.0,193.0,191.241,418.0,3506,2022-09-21T00:00:00.0000000
186,PEGAS G8BM102022,Oct-2022,195.0,195.1,190.0,190.0,188.329,130.0,3636,2022-09-22T00:00:00.0000000
187,PEGAS G8BM102022,Oct-2022,187.94,187.94,185.0,186.0,186.956,66.0,3834,2022-09-23T00:00:00.0000000
188,PEGAS G8BM102022,Oct-2022,171.25,175.0,171.0,174.5,176.179,192.0,4306,2022-09-26T00:00:00.0000000
189,PEGAS G8BM102022,Oct-2022,192.25,192.25,181.5,184.0,185.538,182.0,5065,2022-09-27T00:00:00.0000000
190,PEGAS G8BM102022,Oct-2022,208.0,208.0,192.0,206.0,205.356,265.0,20112,2022-09-28T00:00:00.0000000
191,PEGAS G8BM102022,Oct-2022,198.55,200.0,184.0,184.0,186.98,194.0,20314,2022-09-29T00:00:00.0000000
192,PEGAS G8BM112022,Nov-2022,202.0,202.0,202.0,202.0,188.6,23.0,15960,2022-09-30T00:00:00.0000000
193,PEGAS G8BM112022,Nov-2022,176.0,180.0,167.0,168.0,167.388,288.0,16288,2022-10-03T00:00:00.0000000
194,PEGAS G8BM112022,Nov-2022,162.5,166.0,161.2,161.2,159.783,179.0,16467,2022-10-04T00:00:00.0000000
195,PEGAS G8BM112022,Nov-2022,158.0,173.5,157.0,173.0,172.44,62.0,16557,2022-10-05T00:00:00.0000000
196,PEGAS G8BM112022,Nov-2022,173.5,175.0,166.0,172.0,172.0,192.0,16747,2022-10-06T00:00:00.0000000
197,PEGAS G8BM112022,Nov-2022,164.0,164.0,153.0,154.0,154.756,428.0,17288,2022-10-07T00:00:00.0000000
198,PEGAS G8BM112022,Nov-2022,150.59,160.0,149.0,160.0,152.532,238.0,17525,2022-10-10T00:00:00.0000000
199,PEGAS G8BM112022,Nov-2022,161.0,164.0,153.5,153.5,154.85,113.0,17629,2022-10-11T00:00:00.0000000
200,PEGAS G8BM112022,Nov-2022,155.0,157.375,154.0,157.25,158.961,77.0,17788,2022-10-12T00:00:00.0000000
201,PEGAS G8BM112022,Nov-2022,158.0,160.0,150.0,151.0,151.23,116.0,18132,2022-10-13T00:00:00.0000000
202,PEGAS G8BM112022,Nov-2022,144.75,146.0,140.25,140.25,139.85,277.0,18473,2022-10-14T00:00:00.0000000
203,PEGAS G8BM112022,Nov-2022,133.0,136.05,124.75,124.75,125.764,527.0,19010,2022-10-17T00:00:00.0000000
204,PEGAS G8BM112022,Nov-2022,115.0,119.0,111.5,111.5,112.536,211.0,19206,2022-10-18T00:00:00.0000000
205,PEGAS G8BM112022,Nov-2022,118.25,118.8,111.5,112.6,111.97,115.0,19441,2022-10-19T00:00:00.0000000
206,PEGAS G8BM112022,Nov-2022,125.0,131.0,122.0,128.25,127.728,720.0,20085,2022-10-20T00:00:00.0000000
207,PEGAS G8BM112022,Nov-2022,119.0,119.0,113.0,115.0,116.054,607.0,20990,2022-10-21T00:00:00.0000000
208,PEGAS G8BM112022,Nov-2022,106.0,106.0,97.0,99.5,99.77,75.0,21050,2022-10-24T00:00:00.0000000
209,PEGAS G8BM112022,Nov-2022,99.5,105.0,99.5,102.0,105.0,165.0,21378,2022-10-25T00:00:00.0000000
210,PEGAS G8BM112022,Nov-2022,103.0,103.0,103.0,103.0,106.2,84.0,21634,2022-10-26T00:00:00.0000000
211,PEGAS G8BM112022,Nov-2022,101.75,112.8,101.75,112.0,111.05,482.0,22051,2022-10-27T00:00:00.0000000
212,PEGAS G8BM112022,Nov-2022,118.3,119.0,115.0,118.0,116.4,333.0,22472,2022-10-28T00:00:00.0000000
213,PEGAS G8BM122022,Dec-2022,140.0,140.0,121.415,121.415,123.35,26.0,17812,2022-10-31T00:00:00.0000000
214,PEGAS G8BM122022,Dec-2022,117.0,119.0,117.0,119.0,116.71,52.0,17883,2022-11-01T00:00:00.0000000
215,PEGAS G8BM122022,Dec-2022,126.0,127.75,121.5,127.75,126.97,151.0,18057,2022-11-02T00:00:00.0000000
216,PEGAS G8BM122022,Dec-2022,135.0,135.0,126.4,127.0,126.863,68.0,18125,2022-11-03T00:00:00.0000000
217,PEGAS G8BM122022,Dec-2022,129.0,129.0,114.5,114.5,115.01,251.0,18411,2022-11-04T00:00:00.0000000
218,PEGAS G8BM122022,Dec-2022,111.0,113.0,108.0,108.0,108.917,584.0,18995,2022-11-07T00:00:00.0000000
219,PEGAS G8BM122022,Dec-2022,115.0,117.0,111.0,117.0,116.943,452.0,19441,2022-11-08T00:00:00.0000000
220,PEGAS G8BM122022,Dec-2022,115.6,118.2,112.8,112.8,112.803,81.0,19537,2022-11-09T00:00:00.0000000
221,PEGAS G8BM122022,Dec-2022,115.5,115.5,110.5,112.25,113.19,179.0,19716,2022-11-10T00:00:00.0000000
222,PEGAS G8BM122022,Dec-2022,105.0,105.0,97.75,97.75,97.924,106.0,19817,2022-11-11T00:00:00.0000000
223,PEGAS G8BM122022,Dec-2022,101.0,117.0,101.0,117.0,113.445,67.0,19903,2022-11-14T00:00:00.0000000
224,PEGAS G8BM122022,Dec-2022,126.0,126.0,122.0,123.75,122.9,213.0,20239,2022-11-15T00:00:00.0000000
225,PEGAS G8BM122022,Dec-2022,119.0,120.385,108.0,108.0,113.86,171.0,20404,2022-11-16T00:00:00.0000000
226,PEGAS G8BM122022,Dec-2022,105.1,109.0,105.0,109.0,111.791,52.0,20455,2022-11-17T00:00:00.0000000
227,PEGAS G8BM122022,Dec-2022,112.8,115.5,109.0,115.5,115.049,207.0,20660,2022-11-18T00:00:00.0000000
228,PEGAS G8BM122022,Dec-2022,118.25,118.5,114.5,114.5,114.991,378.0,21034,2022-11-21T00:00:00.0000000
229,PEGAS G8BM122022,Dec-2022,116.0,120.0,115.0,120.0,119.17,144.0,21178,2022-11-22T00:00:00.0000000
230,PEGAS G8BM122022,Dec-2022,131.0,132.0,123.0,127.5,128.75,243.0,21758,2022-11-23T00:00:00.0000000
231,PEGAS G8BM122022,Dec-2022,126.5,127.0,122.0,123.4,123.125,162.0,21954,2022-11-24T00:00:00.0000000
232,PEGAS G8BM122022,Dec-2022,124.4,124.5,121.5,123.5,124.04,77.0,22276,2022-11-25T00:00:00.0000000
233,PEGAS G8BM122022,Dec-2022,122.0,124.7,117.0,121.7,122.52,360.0,22742,2022-11-28T00:00:00.0000000
234,PEGAS G8BM122022,Dec-2022,128.0,131.6,127.1,128.5,130.56,528.0,23500,2022-11-29T00:00:00.0000000
235,PEGAS G8BM012023,Jan-2023,136.925,145.1,136.925,142.0,144.224,17.0,1154,2022-11-30T00:00:00.0000000
236,PEGAS G8BM012023,Jan-2023,154.0,154.5,140.0,140.0,138.594,95.0,1226,2022-12-01T00:00:00.0000000
237,PEGAS G8BM012023,Jan-2023,129.5,134.0,129.5,131.9,133.23,88.0,1273,2022-12-02T00:00:00.0000000
238,PEGAS G8BM012023,Jan-2023,138.0,138.5,132.0,134.25,133.367,294.0,1592,2022-12-05T00:00:00.0000000
239,PEGAS G8BM012023,Jan-2023,134.75,138.5,133.25,138.5,137.831,139.0,1815,2022-12-06T00:00:00.0000000
240,PEGAS G8BM012023,Jan-2023,142.5,149.0,141.0,149.0,148.454,151.0,1966,2022-12-07T00:00:00.0000000
241,PEGAS G8BM012023,Jan-2023,152.75,152.75,140.25,140.25,139.04,17.0,1983,2022-12-08T00:00:00.0000000
242,PEGAS G8BM012023,Jan-2023,139.9,139.9,134.5,135.0,138.44,64.0,2042,2022-12-09T00:00:00.0000000
243,PEGAS G8BM012023,Jan-2023,130.0,135.0,130.0,134.3,136.352,100.0,2133,2022-12-12T00:00:00.0000000
244,PEGAS G8BM012023,Jan-2023,139.5,140.4,137.75,137.75,137.015,108.0,2238,2022-12-13T00:00:00.0000000
245,PEGAS G8BM012023,Jan-2023,134.5,134.5,129.0,131.0,131.5,88.0,2367,2022-12-14T00:00:00.0000000
246,PEGAS G8BM012023,Jan-2023,134.35,135.5,134.35,135.0,134.763,11.0,2377,2022-12-15T00:00:00.0000000
247,PEGAS G8BM012023,Jan-2023,129.2,129.2,116.9,116.9,116.08,36.0,2413,2022-12-16T00:00:00.0000000
248,PEGAS G8BM012023,Jan-2023,108.5,110.985,108.5,110.0,109.204,99.0,2657,2022-12-19T00:00:00.0000000
249,PEGAS G8BM012023,Jan-2023,105.6,105.7,105.2,105.6,105.862,40.0,2747,2022-12-20T00:00:00.0000000
250,PEGAS G8BM012023,Jan-2023,100.2,100.2,98.2,98.2,98.52,166.0,2903,2022-12-21T00:00:00.0000000
251,PEGAS G8BM012023,Jan-2023,95.2,95.45,91.8,91.8,92.61,130.0,3048,2022-12-22T00:00:00.0000000
252,PEGAS G8BM012023,Jan-2023,87.3,87.3,82.6,84.75,83.189,122.0,3170,2022-12-23T00:00:00.0000000
253,PEGAS G8BM012023,Jan-2023,84.0,84.0,80.5,80.5,82.521,8.0,3178,2022-12-27T00:00:00.0000000
254,PEGAS G8BM012023,Jan-2023,78.0,84.0,78.0,82.0,81.728,424.0,21453,2022-12-28T00:00:00.0000000
255,PEGAS G8BM012023,Jan-2023,85.0,85.0,83.0,84.8,84.278,108.0,21126,2022-12-29T00:00:00.0000000
256,PEGAS G8BM022023,Feb-2023,82.0,82.0,74.0,74.0,74.794,47.0,19052,2022-12-30T00:00:00.0000000
257,PEGAS G8BM022023,Feb-2023,76.0,76.0,73.5,73.5,77.0,7.0,19052,2023-01-02T00:00:00.0000000
258,PEGAS G8BM022023,Feb-2023,75.0,77.8,71.75,71.75,74.3,360.0,19412,2023-01-03T00:00:00.0000000
259,PEGAS G8BM022023,Feb-2023,70.5,70.95,64.5,64.5,65.872,176.0,19558,2023-01-04T00:00:00.0000000
260,PEGAS G8BM022023,Feb-2023,65.1,73.5,65.1,71.0,72.799,494.0,19918,2023-01-05T00:00:00.0000000
261,PEGAS G8BM022023,Feb-2023,70.0,70.0,68.6,69.3,69.993,407.0,20325,2023-01-06T00:00:00.0000000
262,PEGAS G8BM022023,Feb-2023,70.6,74.6,70.6,74.6,74.38,423.0,20707,2023-01-09T00:00:00.0000000
263,PEGAS G8BM022023,Feb-2023,74.0,74.0,69.6,69.6,70.832,318.0,21096,2023-01-10T00:00:00.0000000
264,PEGAS G8BM022023,Feb-2023,68.7,69.0,66.8,66.8,66.59,176.0,21704,2023-01-11T00:00:00.0000000
265,PEGAS G8BM022023,Feb-2023,71.0,71.0,68.25,68.75,68.34,163.0,21867,2023-01-12T00:00:00.0000000
266,PEGAS G8BM022023,Feb-2023,70.6,70.9,64.2,64.2,66.48,133.0,22030,2023-01-13T00:00:00.0000000
267,PEGAS G8BM022023,Feb-2023,62.35,63.3,55.9,55.9,56.714,211.0,22241,2023-01-16T00:00:00.0000000
268,PEGAS G8BM022023,Feb-2023,54.5,60.8,54.5,59.55,60.945,379.0,22553,2023-01-17T00:00:00.0000000
269,PEGAS G8BM022023,Feb-2023,60.5,64.4,60.4,63.5,63.745,202.0,23136,2023-01-18T00:00:00.0000000
270,PEGAS G8BM022023,Feb-2023,65.4,65.4,60.75,62.5,62.686,183.0,23485,2023-01-19T00:00:00.0000000
271,PEGAS G8BM022023,Feb-2023,63.995,69.7,63.8,69.0,68.607,148.0,23568,2023-01-20T00:00:00.0000000
272,PEGAS G8BM022023,Feb-2023,67.0,69.5,64.0,64.0,67.4,609.0,24350,2023-01-23T00:00:00.0000000
273,PEGAS G8BM022023,Feb-2023,61.3,62.6,59.625,59.625,60.207,469.0,25155,2023-01-24T00:00:00.0000000
274,PEGAS G8BM022023,Feb-2023,58.0,60.2,58.0,58.4,59.414,204.0,25570,2023-01-25T00:00:00.0000000
275,PEGAS G8BM022023,Feb-2023,61.4,61.85,56.0,56.0,57.316,231.0,25971,2023-01-26T00:00:00.0000000
276,PEGAS G8BM022023,Feb-2023,56.0,58.0,55.25,57.5,57.77,228.0,26600,2023-01-27T00:00:00.0000000
277,PEGAS G8BM022023,Feb-2023,60.4,60.4,56.75,57.25,57.3,346.0,27088,2023-01-30T00:00:00.0000000
278,PEGAS G8BM032023,Mar-2023,59.8,60.1,59.5,60.1,59.625,28.0,21177,2023-01-31T00:00:00.0000000
279,PEGAS G8BM032023,Mar-2023,58.55,61.5,58.55,61.5,61.43,457.0,21509,2023-02-01T00:00:00.0000000
280,PEGAS G8BM032023,Mar-2023,61.4,61.4,57.5,58.5,58.508,357.0,21808,2023-02-02T00:00:00.0000000
281,PEGAS G8BM032023,Mar-2023,59.9,61.0,59.5,59.5,59.338,339.0,22219,2023-02-03T00:00:00.0000000
282,PEGAS G8BM032023,Mar-2023,58.0,59.5,58.0,59.5,59.881,509.0,22908,2023-02-06T00:00:00.0000000
283,PEGAS G8BM032023,Mar-2023,59.5,59.7,56.8,56.8,57.199,522.0,23762,2023-02-07T00:00:00.0000000
284,PEGAS G8BM032023,Mar-2023,55.735,56.35,55.0,55.25,55.337,137.0,23873,2023-02-08T00:00:00.0000000
285,PEGAS G8BM032023,Mar-2023,56.5,56.6,54.45,54.45,54.304,246.0,24083,2023-02-09T00:00:00.0000000
286,PEGAS G8BM032023,Mar-2023,55.4,55.4,54.5,55.4,55.391,39.0,24119,2023-02-10T00:00:00.0000000
287,PEGAS G8BM032023,Mar-2023,53.75,54.1,53.5,53.5,53.725,39.0,24340,2023-02-13T00:00:00.0000000
288,PEGAS G8BM032023,Mar-2023,54.275,54.8,54.2,54.2,54.1,152.0,24492,2023-02-14T00:00:00.0000000
289,PEGAS G8BM032023,Mar-2023,56.0,56.5,56.0,56.5,56.366,158.0,24650,2023-02-15T00:00:00.0000000
290,PEGAS G8BM032023,Mar-2023,54.5,54.5,54.0,54.0,53.73,4.0,24854,2023-02-16T00:00:00.0000000
291,PEGAS G8BM032023,Mar-2023,50.93,51.0,50.9,50.9,50.775,33.0,25327,2023-02-17T00:00:00.0000000
292,PEGAS G8BM032023,Mar-2023,53.3,53.3,51.3,51.3,51.574,14.0,25471,2023-02-20T00:00:00.0000000
293,PEGAS G8BM032023,Mar-2023,50.1,50.5,49.665,50.5,50.423,236.0,25642,2023-02-21T00:00:00.0000000
294,PEGAS G8BM032023,Mar-2023,51.1,51.5,51.1,51.5,51.944,102.0,25742,2023-02-22T00:00:00.0000000
295,PEGAS G8BM032023,Mar-2023,51.45,51.7,51.45,51.7,52.102,215.0,26215,2023-02-23T00:00:00.0000000
296,PEGAS G8BM032023,Mar-2023,53.7,53.7,52.0,52.0,51.95,49.0,26362,2023-02-24T00:00:00.0000000
297,PEGAS G8BM032023,Mar-2023,50.7,51.025,49.8,49.8,47.858,124.0,26476,2023-02-27T00:00:00.0000000
298,PEGAS G8BM042023,Apr-2023,50.3,50.3,50.3,50.3,48.363,14.0,359,2023-02-28T00:00:00.0000000
299,PEGAS G8BM042023,Apr-2023,49.15,49.3,48.45,48.45,48.545,162.0,519,2023-03-01T00:00:00.0000000
300,PEGAS G8BM042023,Apr-2023,49.2,49.2,48.3,48.3,48.244,73.0,592,2023-03-02T00:00:00.0000000
301,PEGAS G8BM042023,Apr-2023,47.2,47.3,46.45,46.45,46.4,296.0,1178,2023-03-03T00:00:00.0000000
302,PEGAS G8BM042023,Apr-2023,44.2,44.55,43.55,43.55,43.513,86.0,1306,2023-03-06T00:00:00.0000000
303,PEGAS G8BM042023,Apr-2023,43.5,44.4,43.2,44.4,44.42,201.0,1607,2023-03-07T00:00:00.0000000
304,PEGAS G8BM042023,Apr-2023,45.6,45.8,43.5,43.5,43.431,142.0,1968,2023-03-08T00:00:00.0000000
305,PEGAS G8BM042023,Apr-2023,41.8,44.35,41.8,44.35,44.2,125.0,2092,2023-03-09T00:00:00.0000000
306,PEGAS G8BM042023,Apr-2023,46.7,48.0,46.7,47.25,53.402,132.0,2727,2023-03-10T00:00:00.0000000
307,PEGAS G8BM042023,Apr-2023,50.2,52.9,49.2,49.2,50.361,32.0,2706,2023-03-13T00:00:00.0000000
308,PEGAS G8BM042023,Apr-2023,47.9,48.0,45.7,45.7,45.191,92.0,2763,2023-03-14T00:00:00.0000000
309,PEGAS G8BM042023,Apr-2023,45.9,45.9,43.3,44.0,43.65,119.0,3062,2023-03-15T00:00:00.0000000
310,PEGAS G8BM042023,Apr-2023,44.0,45.35,42.85,45.35,45.521,90.0,3191,2023-03-16T00:00:00.0000000
311,PEGAS G8BM042023,Apr-2023,44.65,45.0,44.25,44.25,44.021,93.0,3392,2023-03-17T00:00:00.0000000
312,PEGAS G8BM042023,Apr-2023,41.05,42.0,40.5,40.5,40.5,60.0,4043,2023-03-20T00:00:00.0000000
313,PEGAS G8BM042023,Apr-2023,40.65,44.0,40.65,44.0,43.705,20.0,4063,2023-03-21T00:00:00.0000000
314,PEGAS G8BM042023,Apr-2023,43.9,43.9,41.7,41.7,41.62,32.0,4095,2023-03-22T00:00:00.0000000
315,PEGAS G8BM042023,Apr-2023,42.9,44.85,42.1,44.85,44.47,57.0,4116,2023-03-23T00:00:00.0000000
316,PEGAS G8BM042023,Apr-2023,44.45,44.9,42.55,42.55,42.8,27.0,4148,2023-03-24T00:00:00.0000000
317,PEGAS G8BM042023,Apr-2023,43.9,44.65,43.775,44.25,44.338,286.0,4629,2023-03-27T00:00:00.0000000
318,PEGAS G8BM042023,Apr-2023,43.5,45.0,42.9,45.0,44.489,137.0,4763,2023-03-28T00:00:00.0000000
319,PEGAS G8BM042023,Apr-2023,45.0,46.0,44.0,44.6,44.377,88.0,14508,2023-03-29T00:00:00.0000000
320,PEGAS G8BM042023,Apr-2023,44.5,44.7,44.05,44.1,44.389,343.0,14916,2023-03-30T00:00:00.0000000
321,PEGAS G8BM052023,May-2023,,,,,49.358,33.0,10129,2023-03-31T00:00:00.0000000
322,PEGAS G8BM052023,May-2023,50.4,51.5,50.2,51.5,52.887,221.0,10324,2023-04-03T00:00:00.0000000
323,PEGAS G8BM052023,May-2023,50.75,51.25,47.7,47.7,48.97,317.0,10706,2023-04-04T00:00:00.0000000
324,PEGAS G8BM052023,May-2023,48.0,49.9,46.8,46.8,47.314,228.0,10542,2023-04-05T00:00:00.0000000
325,PEGAS G8BM052023,May-2023,45.7,47.0,45.7,45.8,45.458,63.0,10765,2023-04-06T00:00:00.0000000
326,PEGAS G8BM052023,May-2023,46.985,46.985,45.25,46.15,46.16,85.0,10876,2023-04-11T00:00:00.0000000
327,PEGAS G8BM052023,May-2023,46.3,47.0,45.4,45.6,45.45,162.0,11378,2023-04-12T00:00:00.0000000
328,PEGAS G8BM052023,May-2023,44.6,45.35,44.275,44.275,44.619,116.0,11611,2023-04-13T00:00:00.0000000
329,PEGAS G8BM052023,May-2023,44.7,44.8,43.6,43.6,43.642,113.0,11776,2023-04-14T00:00:00.0000000
330,PEGAS G8BM052023,May-2023,44.0,44.5,43.525,43.525,43.51,157.0,12017,2023-04-17T00:00:00.0000000
331,PEGAS G8BM052023,May-2023,44.1,45.7,43.8,45.55,45.112,833.0,12616,2023-04-18T00:00:00.0000000
332,PEGAS G8BM052023,May-2023,44.9,44.9,42.6,42.6,43.069,78.0,12763,2023-04-19T00:00:00.0000000
333,PEGAS G8BM052023,May-2023,43.6,43.6,43.0,43.0,43.21,151.0,12994,2023-04-20T00:00:00.0000000
334,PEGAS G8BM052023,May-2023,44.3,44.3,42.35,42.35,41.778,193.0,13301,2023-04-21T00:00:00.0000000
335,PEGAS G8BM052023,May-2023,41.2,41.96,41.0,41.96,42.15,189.0,13573,2023-04-24T00:00:00.0000000
336,PEGAS G8BM052023,May-2023,41.65,41.95,41.55,41.55,41.82,150.0,13720,2023-04-25T00:00:00.0000000
337,PEGAS G8BM052023,May-2023,40.6,40.7,40.5,40.5,40.37,143.0,13165,2023-04-26T00:00:00.0000000
338,PEGAS G8BM052023,May-2023,40.5,40.9,40.05,40.2,41.15,158.0,13977,2023-04-27T00:00:00.0000000
339,PEGAS G8BM062023,Jun-2023,41.6,41.6,41.6,41.6,40.99,3.0,9759,2023-04-28T00:00:00.0000000
340,PEGAS G8BM062023,Jun-2023,41.5,41.5,40.3,40.3,40.05,22.0,9781,2023-05-02T00:00:00.0000000
341,PEGAS G8BM062023,Jun-2023,39.2,39.3,38.975,39.15,38.9,73.0,9876,2023-05-03T00:00:00.0000000
342,PEGAS G8BM062023,Jun-2023,38.2,38.5,37.75,37.75,37.694,256.0,10007,2023-05-04T00:00:00.0000000
343,PEGAS G8BM062023,Jun-2023,37.7,38.3,37.6,38.185,38.316,54.0,10287,2023-05-05T00:00:00.0000000
344,PEGAS G8BM062023,Jun-2023,38.0,39.2,37.8,39.2,38.866,62.0,10349,2023-05-08T00:00:00.0000000
345,PEGAS G8BM062023,Jun-2023,38.05,38.5,37.75,38.0,37.759,295.0,10590,2023-05-09T00:00:00.0000000
346,PEGAS G8BM062023,Jun-2023,38.0,38.0,37.175,37.785,36.668,193.0,11186,2023-05-10T00:00:00.0000000
347,PEGAS G8BM062023,Jun-2023,36.55,36.55,36.3,36.3,36.6,193.0,11419,2023-05-11T00:00:00.0000000
348,PEGAS G8BM062023,Jun-2023,35.8,35.95,35.7,35.75,34.214,119.0,11570,2023-05-12T00:00:00.0000000
349,PEGAS G8BM062023,Jun-2023,34.7,34.7,34.1,34.5,33.81,238.0,11745,2023-05-15T00:00:00.0000000
350,PEGAS G8BM062023,Jun-2023,33.8,34.2,33.6,33.65,33.327,285.0,12080,2023-05-16T00:00:00.0000000
351,PEGAS G8BM062023,Jun-2023,33.4,34.5,33.4,33.6,33.48,160.0,12230,2023-05-17T00:00:00.0000000
352,PEGAS G8BM062023,Jun-2023,,,,,31.325,65.0,12286,2023-05-18T00:00:00.0000000
353,PEGAS G8BM062023,Jun-2023,32.3,32.3,31.6,31.7,31.575,117.0,12393,2023-05-19T00:00:00.0000000
354,PEGAS G8BM062023,Jun-2023,30.9,31.9,30.9,31.5,31.455,185.0,12567,2023-05-22T00:00:00.0000000
355,PEGAS G8BM062023,Jun-2023,31.175,31.5,31.15,31.5,31.055,111.0,12603,2023-05-23T00:00:00.0000000
356,PEGAS G8BM062023,Jun-2023,30.6,30.625,30.2,30.3,29.4,195.0,12761,2023-05-24T00:00:00.0000000
357,PEGAS G8BM062023,Jun-2023,28.575,28.575,27.5,28.1,26.94,389.0,13130,2023-05-25T00:00:00.0000000
358,PEGAS G8BM062023,Jun-2023,27.4,27.4,26.6,26.6,25.8,160.0,13613,2023-05-26T00:00:00.0000000
359,PEGAS G8BM062023,Jun-2023,,,,,26.123,,13613,2023-05-29T00:00:00.0000000
360,PEGAS G8BM062023,Jun-2023,25.5,26.4,25.45,26.1,25.885,521.0,14093,2023-05-30T00:00:00.0000000
361,PEGAS G8BM072023,Jul-2023,28.6,28.6,28.6,28.6,28.35,3.0,68,2023-05-31T00:00:00.0000000
362,PEGAS G8BM072023,Jul-2023,26.5,26.5,25.6,25.8,24.541,178.0,326,2023-06-01T00:00:00.0000000
363,PEGAS G8BM072023,Jul-2023,24.7,25.0,24.35,24.35,24.849,20.0,346,2023-06-02T00:00:00.0000000
364,PEGAS G8BM072023,Jul-2023,26.175,28.7,26.175,28.7,29.971,21.0,367,2023-06-05T00:00:00.0000000
365,PEGAS G8BM072023,Jul-2023,28.6,28.6,26.5,26.5,26.416,61.0,429,2023-06-06T00:00:00.0000000
366,PEGAS G8BM072023,Jul-2023,26.25,28.0,26.2,28.0,27.82,101.0,530,2023-06-07T00:00:00.0000000
367,PEGAS G8BM072023,Jul-2023,29.8,29.8,29.0,29.0,28.57,2.0,531,2023-06-08T00:00:00.0000000
368,PEGAS G8BM072023,Jul-2023,30.0,31.05,29.75,31.05,33.627,27.0,554,2023-06-09T00:00:00.0000000
369,PEGAS G8BM072023,Jul-2023,31.0,33.5,31.0,33.5,32.655,6.0,560,2023-06-12T00:00:00.0000000
370,PEGAS G8BM072023,Jul-2023,31.2,34.9,30.2,34.9,37.603,32.0,622,2023-06-13T00:00:00.0000000
371,PEGAS G8BM072023,Jul-2023,36.7,40.3,35.1,40.3,39.969,108.0,725,2023-06-14T00:00:00.0000000
372,PEGAS G8BM072023,Jul-2023,43.9,50.4,40.9,41.3,42.599,47.0,767,2023-06-15T00:00:00.0000000
373,PEGAS G8BM072023,Jul-2023,36.1,38.0,36.1,36.9,36.739,6.0,773,2023-06-16T00:00:00.0000000
374,PEGAS G8BM072023,Jul-2023,34.1,35.4,34.1,35.4,36.497,12.0,815,2023-06-19T00:00:00.0000000
375,PEGAS G8BM072023,Jul-2023,39.0,40.7,39.0,40.7,40.644,21.0,826,2023-06-20T00:00:00.0000000
376,PEGAS G8BM072023,Jul-2023,40.35,40.5,39.5,40.5,38.619,27.0,853,2023-06-21T00:00:00.0000000
377,PEGAS G8BM072023,Jul-2023,38.4,38.4,37.3,37.3,35.7,106.0,952,2023-06-22T00:00:00.0000000
378,PEGAS G8BM072023,Jul-2023,34.5,34.5,34.0,34.1,34.176,65.0,1154,2023-06-23T00:00:00.0000000
379,PEGAS G8BM072023,Jul-2023,36.25,36.275,34.25,34.8,33.688,195.0,1322,2023-06-26T00:00:00.0000000
380,PEGAS G8BM072023,Jul-2023,34.25,34.7,33.75,34.7,36.007,26.0,1348,2023-06-27T00:00:00.0000000
381,PEGAS G8BM072023,Jul-2023,35.5,36.9,35.2,35.9,35.936,76.0,10583,2023-06-28T00:00:00.0000000
382,PEGAS G8BM072023,Jul-2023,34.3,35.8,34.3,35.8,36.8,165.0,10091,2023-06-29T00:00:00.0000000
383,PEGAS G8BM082023,Aug-2023,,,,,39.025,,9465,2023-06-30T00:00:00.0000000
384,PEGAS G8BM082023,Aug-2023,37.5,37.8,37.5,37.8,35.935,16.0,9476,2023-07-03T00:00:00.0000000
385,PEGAS G8BM082023,Aug-2023,35.3,36.9,35.3,36.9,36.939,44.0,9661,2023-07-04T00:00:00.0000000
386,PEGAS G8BM082023,Aug-2023,36.2,37.35,36.2,36.9,36.045,84.0,9712,2023-07-05T00:00:00.0000000
387,PEGAS G8BM082023,Aug-2023,35.3,35.3,34.1,34.1,33.99,46.0,9701,2023-07-06T00:00:00.0000000
388,PEGAS G8BM082023,Aug-2023,34.95,35.8,34.5,34.5,35.009,39.0,9740,2023-07-07T00:00:00.0000000
389,PEGAS G8BM082023,Aug-2023,35.0,35.1,32.6,33.0,32.2,74.0,9762,2023-07-10T00:00:00.0000000
390,PEGAS G8BM082023,Aug-2023,32.4,32.4,31.5,31.7,30.94,24.0,9786,2023-07-11T00:00:00.0000000
391,PEGAS G8BM082023,Aug-2023,30.5,31.2,28.9,28.9,29.075,64.0,9839,2023-07-12T00:00:00.0000000
392,PEGAS G8BM082023,Aug-2023,29.0,29.0,28.3,28.5,28.8,162.0,9957,2023-07-13T00:00:00.0000000
393,PEGAS G8BM082023,Aug-2023,29.9,30.6,29.8,30.6,27.557,26.0,9975,2023-07-14T00:00:00.0000000
394,PEGAS G8BM082023,Aug-2023,27.0,27.9,26.8,27.2,26.725,24.0,10045,2023-07-17T00:00:00.0000000
395,PEGAS G8BM082023,Aug-2023,28.25,28.25,27.55,28.2,29.135,99.0,10148,2023-07-18T00:00:00.0000000
396,PEGAS G8BM082023,Aug-2023,28.925,30.0,28.925,29.15,29.16,51.0,10229,2023-07-19T00:00:00.0000000
397,PEGAS G8BM082023,Aug-2023,28.5,29.55,28.5,29.5,29.8,148.0,10468,2023-07-20T00:00:00.0000000
398,PEGAS G8BM082023,Aug-2023,32.0,32.5,29.575,29.6,30.261,175.0,10656,2023-07-21T00:00:00.0000000
399,PEGAS G8BM082023,Aug-2023,30.4,32.2,30.4,32.2,32.6,122.0,10742,2023-07-24T00:00:00.0000000
400,PEGAS G8BM082023,Aug-2023,32.89,35.0,32.405,35.0,35.0,71.0,10805,2023-07-25T00:00:00.0000000
401,PEGAS G8BM082023,Aug-2023,36.25,36.4,32.85,33.1,31.646,250.0,11043,2023-07-26T00:00:00.0000000
402,PEGAS G8BM082023,Aug-2023,30.3,31.0,30.25,30.7,30.572,85.0,11114,2023-07-27T00:00:00.0000000
403,PEGAS G8BM082023,Aug-2023,28.6,28.7,28.0,28.3,28.184,154.0,11207,2023-07-28T00:00:00.0000000
404,PEGAS G8BM092023,Sep-2023,29.8,29.8,28.9,29.0,30.265,187.0,11380,2023-07-31T00:00:00.0000000
405,PEGAS G8BM092023,Sep-2023,31.4,31.4,30.35,30.35,29.38,72.0,11446,2023-08-01T00:00:00.0000000
406,PEGAS G8BM092023,Sep-2023,30.0,30.45,30.0,30.45,30.725,10.0,11456,2023-08-02T00:00:00.0000000
407,PEGAS G8BM092023,Sep-2023,32.2,32.7,32.2,32.7,32.625,25.0,11481,2023-08-03T00:00:00.0000000
408,PEGAS G8BM092023,Sep-2023,31.3,31.3,30.55,30.8,30.994,8.0,11489,2023-08-04T00:00:00.0000000
409,PEGAS G8BM092023,Sep-2023,31.8,33.0,31.75,33.0,32.45,43.0,11588,2023-08-07T00:00:00.0000000
410,PEGAS G8BM092023,Sep-2023,31.7,32.1,31.7,32.1,33.35,265.0,11843,2023-08-08T00:00:00.0000000
411,PEGAS G8BM092023,Sep-2023,36.5,44.0,36.5,41.7,41.723,87.0,11929,2023-08-09T00:00:00.0000000
412,PEGAS G8BM092023,Sep-2023,38.6,40.6,38.6,39.5,38.96,36.0,11975,2023-08-10T00:00:00.0000000
413,PEGAS G8BM092023,Sep-2023,38.3,38.3,37.9,37.9,36.774,15.0,11990,2023-08-11T00:00:00.0000000
414,PEGAS G8BM092023,Sep-2023,37.0,37.0,36.85,36.9,35.677,10.0,12000,2023-08-14T00:00:00.0000000
415,PEGAS G8BM092023,Sep-2023,37.8,38.2,37.8,38.2,40.252,70.0,12070,2023-08-15T00:00:00.0000000
416,PEGAS G8BM092023,Sep-2023,39.95,40.75,39.1,39.55,39.165,541.0,12611,2023-08-16T00:00:00.0000000
417,PEGAS G8BM092023,Sep-2023,40.0,41.0,38.7,38.7,38.5,23.0,12629,2023-08-17T00:00:00.0000000
418,PEGAS G8BM092023,Sep-2023,37.75,38.5,37.75,38.5,38.034,28.0,12657,2023-08-18T00:00:00.0000000
419,PEGAS G8BM092023,Sep-2023,41.0,41.35,39.9,41.25,42.478,23.0,12675,2023-08-21T00:00:00.0000000
420,PEGAS G8BM092023,Sep-2023,42.15,45.85,42.15,45.85,44.431,10.0,12685,2023-08-22T00:00:00.0000000
421,PEGAS G8BM092023,Sep-2023,43.4,43.4,39.7,40.2,39.02,67.0,12747,2023-08-23T00:00:00.0000000
422,PEGAS G8BM092023,Sep-2023,34.25,35.4,33.7,34.69,33.997,271.0,12973,2023-08-24T00:00:00.0000000
423,PEGAS G8BM092023,Sep-2023,36.45,36.45,36.3,36.3,36.812,23.0,12995,2023-08-25T00:00:00.0000000
424,PEGAS G8BM092023,Sep-2023,37.35,40.0,37.35,39.85,40.1,107.0,13067,2023-08-28T00:00:00.0000000
425,PEGAS G8BM092023,Sep-2023,38.9,39.0,37.6,37.6,37.4,285.0,13270,2023-08-29T00:00:00.0000000
426,PEGAS G8BM092023,Sep-2023,35.95,38.0,35.95,38.0,37.84,105.0,13376,2023-08-30T00:00:00.0000000
427,PEGAS G8BM102023,Oct-2023,,,,,36.897,10.0,1446,2023-08-31T00:00:00.0000000
428,PEGAS G8BM102023,Oct-2023,36.375,36.5,36.375,36.5,36.945,66.0,1572,2023-09-01T00:00:00.0000000
429,PEGAS G8BM102023,Oct-2023,36.7,36.7,35.1,35.4,34.977,117.0,1689,2023-09-04T00:00:00.0000000
430,PEGAS G8BM102023,Oct-2023,34.75,35.75,34.75,35.2,35.862,120.0,1809,2023-09-05T00:00:00.0000000
431,PEGAS G8BM102023,Oct-2023,35.6,35.6,32.965,32.965,32.778,79.0,1877,2023-09-06T00:00:00.0000000
432,PEGAS G8BM102023,Oct-2023,33.0,34.2,32.5,32.5,34.15,43.0,1925,2023-09-07T00:00:00.0000000
433,PEGAS G8BM102023,Oct-2023,36.55,36.75,35.8,35.8,35.9,14.0,1939,2023-09-08T00:00:00.0000000
434,PEGAS G8BM102023,Oct-2023,38.9,38.9,38.05,38.22,37.461,118.0,2057,2023-09-11T00:00:00.0000000
435,PEGAS G8BM102023,Oct-2023,37.4,37.4,36.15,36.3,36.359,128.0,2254,2023-09-12T00:00:00.0000000
436,PEGAS G8BM102023,Oct-2023,37.1,37.35,36.8,36.8,38.156,96.0,2349,2023-09-13T00:00:00.0000000
437,PEGAS G8BM102023,Oct-2023,37.7,37.7,36.9,36.9,36.976,53.0,2402,2023-09-14T00:00:00.0000000
438,PEGAS G8BM102023,Oct-2023,36.1,37.85,36.0,37.85,37.743,13.0,2408,2023-09-15T00:00:00.0000000
439,PEGAS G8BM102023,Oct-2023,37.1,37.1,35.35,35.35,35.937,142.0,2550,2023-09-18T00:00:00.0000000
440,PEGAS G8BM102023,Oct-2023,35.25,38.0,35.25,38.0,37.991,227.0,2786,2023-09-19T00:00:00.0000000
441,PEGAS G8BM102023,Oct-2023,40.6,40.6,37.45,37.65,38.495,64.0,2850,2023-09-20T00:00:00.0000000
442,PEGAS G8BM102023,Oct-2023,37.7,38.7,37.7,38.7,40.494,92.0,2942,2023-09-21T00:00:00.0000000
443,PEGAS G8BM102023,Oct-2023,40.85,41.5,40.2,41.5,40.77,76.0,3018,2023-09-22T00:00:00.0000000
444,PEGAS G8BM102023,Oct-2023,42.0,44.5,41.8,44.4,44.692,197.0,3154,2023-09-25T00:00:00.0000000
445,PEGAS G8BM102023,Oct-2023,41.4,41.4,40.65,40.8,40.313,524.0,3810,2023-09-26T00:00:00.0000000
446,PEGAS G8BM102023,Oct-2023,39.8,40.25,39.35,39.9,39.838,202.0,15641,2023-09-27T00:00:00.0000000
447,PEGAS G8BM102023,Oct-2023,41.0,42.0,41.0,41.3,40.184,358.0,15901,2023-09-28T00:00:00.0000000
448,PEGAS G8BM112023,Nov-2023,43.42,43.42,42.3,42.3,42.22,13.0,13290,2023-09-29T00:00:00.0000000
449,PEGAS G8BM112023,Nov-2023,41.0,41.0,39.65,39.65,39.57,27.0,13314,2023-10-02T00:00:00.0000000
450,PEGAS G8BM112023,Nov-2023,38.665,38.665,36.545,37.6,37.439,171.0,13456,2023-10-03T00:00:00.0000000
451,PEGAS G8BM112023,Nov-2023,38.0,38.6,38.0,38.6,38.82,62.0,13449,2023-10-04T00:00:00.0000000
452,PEGAS G8BM112023,Nov-2023,37.9,37.9,36.7,36.7,36.65,18.0,13466,2023-10-05T00:00:00.0000000
453,PEGAS G8BM112023,Nov-2023,37.75,38.0,37.0,37.0,38.724,102.0,13568,2023-10-06T00:00:00.0000000
454,PEGAS G8BM112023,Nov-2023,41.1,44.45,41.1,43.9,44.2,112.0,13660,2023-10-09T00:00:00.0000000
455,PEGAS G8BM112023,Nov-2023,45.65,49.4,45.65,49.4,49.564,22.0,13674,2023-10-10T00:00:00.0000000
456,PEGAS G8BM112023,Nov-2023,47.6,48.9,45.95,45.95,46.501,56.0,13772,2023-10-11T00:00:00.0000000
457,PEGAS G8BM112023,Nov-2023,48.0,52.95,48.0,52.8,53.162,169.0,13820,2023-10-12T00:00:00.0000000
458,PEGAS G8BM112023,Nov-2023,56.5,56.5,53.2,55.3,53.98,82.0,13869,2023-10-13T00:00:00.0000000
459,PEGAS G8BM112023,Nov-2023,51.8,51.8,48.5,48.5,48.5,36.0,13896,2023-10-16T00:00:00.0000000
460,PEGAS G8BM112023,Nov-2023,47.0,49.25,47.0,49.05,49.159,100.0,13989,2023-10-17T00:00:00.0000000
461,PEGAS G8BM112023,Nov-2023,50.5,51.45,49.82,50.85,50.676,336.0,14291,2023-10-18T00:00:00.0000000
462,PEGAS G8BM112023,Nov-2023,48.4,50.3,46.75,50.3,50.237,107.0,14478,2023-10-19T00:00:00.0000000
463,PEGAS G8BM112023,Nov-2023,51.7,52.3,49.65,50.6,50.656,41.0,14515,2023-10-20T00:00:00.0000000
464,PEGAS G8BM112023,Nov-2023,48.6,51.85,48.4,51.85,51.036,55.0,14683,2023-10-23T00:00:00.0000000
465,PEGAS G8BM112023,Nov-2023,49.7,52.5,48.4,48.4,49.433,68.0,14779,2023-10-24T00:00:00.0000000
466,PEGAS G8BM112023,Nov-2023,50.3,50.8,48.8,49.6,49.614,269.0,14906,2023-10-25T00:00:00.0000000
467,PEGAS G8BM112023,Nov-2023,50.2,50.5,49.2,50.5,50.266,103.0,15007,2023-10-26T00:00:00.0000000
468,PEGAS G8BM112023,Nov-2023,50.1,50.9,49.85,50.25,50.037,76.0,15055,2023-10-27T00:00:00.0000000
469,PEGAS G8BM112023,Nov-2023,51.3,53.2,50.0,50.0,50.014,228.0,15381,2023-10-30T00:00:00.0000000
470,PEGAS G8BM122023,Dec-2023,50.5,50.5,47.2,47.2,47.122,219.0,13984,2023-10-31T00:00:00.0000000
471,PEGAS G8BM122023,Dec-2023,46.5,46.75,45.8,46.25,46.334,61.0,14045,2023-11-01T00:00:00.0000000
472,PEGAS G8BM122023,Dec-2023,46.5,48.25,45.7,48.25,48.185,565.0,14609,2023-11-02T00:00:00.0000000
473,PEGAS G8BM122023,Dec-2023,48.4,49.65,46.5,47.5,47.488,170.0,14779,2023-11-03T00:00:00.0000000
474,PEGAS G8BM122023,Dec-2023,45.0,45.5,44.4,44.4,44.355,69.0,14848,2023-11-06T00:00:00.0000000
475,PEGAS G8BM122023,Dec-2023,45.5,46.0,45.2,45.2,45.213,93.0,14941,2023-11-07T00:00:00.0000000
476,PEGAS G8BM122023,Dec-2023,45.0,45.6,44.5,44.9,44.964,77.0,15013,2023-11-08T00:00:00.0000000
477,PEGAS G8BM122023,Dec-2023,46.4,47.9,46.3,47.9,47.535,160.0,15214,2023-11-09T00:00:00.0000000
478,PEGAS G8BM122023,Dec-2023,46.35,46.45,45.0,45.75,45.928,153.0,15331,2023-11-10T00:00:00.0000000
479,PEGAS G8BM122023,Dec-2023,44.25,46.7,44.25,46.7,47.037,83.0,15402,2023-11-13T00:00:00.0000000
480,PEGAS G8BM122023,Dec-2023,45.65,47.2,45.5,46.7,46.956,149.0,15551,2023-11-14T00:00:00.0000000
481,PEGAS G8BM122023,Dec-2023,48.0,48.1,46.1,46.35,46.321,156.0,15699,2023-11-15T00:00:00.0000000
482,PEGAS G8BM122023,Dec-2023,45.7,46.5,45.0,45.0,45.012,92.0,15788,2023-11-16T00:00:00.0000000
483,PEGAS G8BM122023,Dec-2023,45.0,45.0,44.25,44.25,44.23,119.0,15994,2023-11-17T00:00:00.0000000
484,PEGAS G8BM122023,Dec-2023,46.0,46.0,44.3,45.0,44.771,137.0,16109,2023-11-20T00:00:00.0000000
485,PEGAS G8BM122023,Dec-2023,44.4,44.4,43.25,43.25,43.353,85.0,16246,2023-11-21T00:00:00.0000000
486,PEGAS G8BM122023,Dec-2023,43.8,43.8,42.905,43.55,43.755,101.0,16369,2023-11-22T00:00:00.0000000
487,PEGAS G8BM122023,Dec-2023,44.7,45.8,44.4,45.8,46.248,141.0,16495,2023-11-23T00:00:00.0000000
488,PEGAS G8BM122023,Dec-2023,45.65,46.25,45.65,46.0,46.177,145.0,16685,2023-11-24T00:00:00.0000000
489,PEGAS G8BM122023,Dec-2023,43.6,44.15,43.2,43.2,43.369,254.0,17117,2023-11-27T00:00:00.0000000
490,PEGAS G8BM122023,Dec-2023,42.5,43.9,41.5,42.275,42.212,358.0,17540,2023-11-28T00:00:00.0000000
491,PEGAS G8BM122023,Dec-2023,41.4,42.25,39.5,39.72,39.761,506.0,18089,2023-11-29T00:00:00.0000000
492,PEGAS G8BM012024,Jan-2024,42.0,42.0,42.0,42.0,41.717,9.0,628,2023-11-30T00:00:00.0000000
493,PEGAS G8BM012024,Jan-2024,41.85,43.25,41.5,43.25,43.205,19.0,645,2023-12-01T00:00:00.0000000
494,PEGAS G8BM012024,Jan-2024,41.5,41.5,39.4,39.8,39.587,320.0,937,2023-12-04T00:00:00.0000000
495,PEGAS G8BM012024,Jan-2024,39.2,39.4,37.55,37.55,37.63,287.0,1217,2023-12-05T00:00:00.0000000
496,PEGAS G8BM012024,Jan-2024,38.5,39.1,38.3,39.075,38.87,96.0,1308,2023-12-06T00:00:00.0000000
497,PEGAS G8BM012024,Jan-2024,40.1,40.1,39.3,39.7,39.502,243.0,1629,2023-12-07T00:00:00.0000000
498,PEGAS G8BM012024,Jan-2024,39.595,39.595,38.2,38.2,37.92,155.0,1779,2023-12-08T00:00:00.0000000
499,PEGAS G8BM012024,Jan-2024,36.5,36.8,35.4,35.78,35.766,132.0,1908,2023-12-11T00:00:00.0000000
500,PEGAS G8BM012024,Jan-2024,35.35,35.35,34.35,34.35,34.408,130.0,2001,2023-12-12T00:00:00.0000000
501,PEGAS G8BM012024,Jan-2024,34.9,35.8,34.775,35.8,35.756,155.0,2219,2023-12-13T00:00:00.0000000
502,PEGAS G8BM012024,Jan-2024,34.6,35.4,34.6,34.6,34.59,259.0,2322,2023-12-14T00:00:00.0000000
503,PEGAS G8BM012024,Jan-2024,33.5,33.7,32.5,32.65,32.689,397.0,2694,2023-12-15T00:00:00.0000000
504,PEGAS G8BM012024,Jan-2024,32.6,35.3,32.6,35.0,35.194,186.0,2899,2023-12-18T00:00:00.0000000
505,PEGAS G8BM012024,Jan-2024,33.4,33.4,32.35,32.4,32.606,210.0,3073,2023-12-19T00:00:00.0000000
506,PEGAS G8BM012024,Jan-2024,33.9,33.9,33.0,33.8,33.668,271.0,3315,2023-12-20T00:00:00.0000000
507,PEGAS G8BM012024,Jan-2024,35.0,36.1,34.275,34.5,34.2,234.0,3506,2023-12-21T00:00:00.0000000
508,PEGAS G8BM012024,Jan-2024,33.7,34.5,33.6,34.2,34.449,149.0,3561,2023-12-22T00:00:00.0000000
509,PEGAS G8BM012024,Jan-2024,,,,,35.852,87.0,17509,2023-12-27T00:00:00.0000000
510,PEGAS G8BM012024,Jan-2024,34.4,34.4,32.8,32.8,32.883,138.0,17637,2023-12-28T00:00:00.0000000
511,PEGAS G8BM022024,Feb-2024,,,,,32.443,,14540,2023-12-29T00:00:00.0000000
512,PEGAS G8BM022024,Feb-2024,32.0,32.0,30.85,30.85,30.84,13.0,14553,2024-01-02T00:00:00.0000000
513,PEGAS G8BM022024,Feb-2024,31.6,33.15,31.6,33.15,33.116,484.0,14988,2024-01-03T00:00:00.0000000
514,PEGAS G8BM022024,Feb-2024,33.45,33.95,32.5,33.95,33.893,85.0,15028,2024-01-04T00:00:00.0000000
515,PEGAS G8BM022024,Feb-2024,33.9,34.9,33.9,34.7,34.318,108.0,15128,2024-01-05T00:00:00.0000000
516,PEGAS G8BM022024,Feb-2024,33.35,33.35,31.55,31.65,31.666,115.0,15240,2024-01-08T00:00:00.0000000
517,PEGAS G8BM022024,Feb-2024,31.15,31.425,30.9,30.9,30.885,233.0,15463,2024-01-09T00:00:00.0000000
518,PEGAS G8BM022024,Feb-2024,30.8,31.6,30.8,31.25,31.201,136.0,15581,2024-01-10T00:00:00.0000000
519,PEGAS G8BM022024,Feb-2024,31.0,31.0,30.55,30.9,30.919,132.0,15672,2024-01-11T00:00:00.0000000
520,PEGAS G8BM022024,Feb-2024,31.5,32.25,31.2,32.25,32.236,131.0,15802,2024-01-12T00:00:00.0000000
521,PEGAS G8BM022024,Feb-2024,30.5,30.8,29.775,30.25,30.231,132.0,15915,2024-01-15T00:00:00.0000000
522,PEGAS G8BM022024,Feb-2024,29.8,30.9,29.8,30.1,30.087,115.0,16021,2024-01-16T00:00:00.0000000
523,PEGAS G8BM022024,Feb-2024,29.3,29.35,28.0,28.1,28.1,93.0,16090,2024-01-17T00:00:00.0000000
524,PEGAS G8BM022024,Feb-2024,28.725,29.0,28.425,28.425,28.421,62.0,16140,2024-01-18T00:00:00.0000000
525,PEGAS G8BM022024,Feb-2024,28.7,29.67,28.7,28.85,28.857,220.0,16357,2024-01-19T00:00:00.0000000
526,PEGAS G8BM022024,Feb-2024,27.425,28.2,27.35,28.2,28.204,207.0,16617,2024-01-22T00:00:00.0000000
527,PEGAS G8BM022024,Feb-2024,28.2,28.55,27.675,28.25,28.065,208.0,16714,2024-01-23T00:00:00.0000000
528,PEGAS G8BM022024,Feb-2024,28.8,29.6,28.4,29.6,29.612,210.0,16888,2024-01-24T00:00:00.0000000
529,PEGAS G8BM022024,Feb-2024,29.9,29.9,28.4,28.5,28.516,167.0,17017,2024-01-25T00:00:00.0000000
530,PEGAS G8BM022024,Feb-2024,27.9,29.05,27.75,28.75,28.93,120.0,17136,2024-01-26T00:00:00.0000000
531,PEGAS G8BM022024,Feb-2024,29.7,29.8,28.95,29.2,28.974,99.0,17215,2024-01-29T00:00:00.0000000
532,PEGAS G8BM022024,Feb-2024,28.65,30.4,28.65,30.2,30.354,459.0,17652,2024-01-30T00:00:00.0000000
533,PEGAS G8BM032024,Mar-2024,30.55,31.0,30.2,31.0,31.155,37.0,15583,2024-01-31T00:00:00.0000000
534,PEGAS G8BM032024,Mar-2024,31.3,31.3,30.075,30.075,30.075,124.0,15607,2024-02-01T00:00:00.0000000
535,PEGAS G8BM032024,Mar-2024,29.99,30.25,29.75,30.25,30.194,62.0,15615,2024-02-02T00:00:00.0000000
536,PEGAS G8BM032024,Mar-2024,30.08,30.08,29.4,29.4,29.402,155.0,15727,2024-02-05T00:00:00.0000000
537,PEGAS G8BM032024,Mar-2024,29.3,29.7,29.3,29.625,29.608,145.0,15849,2024-02-06T00:00:00.0000000
538,PEGAS G8BM032024,Mar-2024,29.3,29.7,29.1,29.15,29.117,78.0,15970,2024-02-07T00:00:00.0000000
539,PEGAS G8BM032024,Mar-2024,29.1,29.2,28.35,28.35,28.507,113.0,16083,2024-02-08T00:00:00.0000000
540,PEGAS G8BM032024,Mar-2024,28.1,28.2,27.8,27.8,27.894,89.0,16169,2024-02-09T00:00:00.0000000
541,PEGAS G8BM032024,Mar-2024,27.0,27.1,26.6,26.6,26.593,127.0,16264,2024-02-12T00:00:00.0000000
542,PEGAS G8BM032024,Mar-2024,27.3,27.3,26.15,26.15,26.246,112.0,16373,2024-02-13T00:00:00.0000000
543,PEGAS G8BM032024,Mar-2024,26.0,26.2,25.8,25.825,25.647,84.0,16454,2024-02-14T00:00:00.0000000
544,PEGAS G8BM032024,Mar-2024,26.25,26.25,25.8,25.975,25.949,98.0,16539,2024-02-15T00:00:00.0000000
545,PEGAS G8BM032024,Mar-2024,26.0,26.0,25.4,25.5,25.629,106.0,16755,2024-02-16T00:00:00.0000000
546,PEGAS G8BM032024,Mar-2024,25.5,25.5,24.65,24.65,24.646,213.0,16941,2024-02-19T00:00:00.0000000
547,PEGAS G8BM032024,Mar-2024,24.75,25.35,24.75,25.35,25.347,200.0,17179,2024-02-20T00:00:00.0000000
548,PEGAS G8BM032024,Mar-2024,24.775,25.275,24.75,25.25,25.243,114.0,17353,2024-02-21T00:00:00.0000000
549,PEGAS G8BM032024,Mar-2024,25.25,25.25,24.5,24.5,24.5,103.0,17423,2024-02-22T00:00:00.0000000
550,PEGAS G8BM032024,Mar-2024,24.0,24.5,24.0,24.2,24.201,96.0,17697,2024-02-23T00:00:00.0000000
551,PEGAS G8BM032024,Mar-2024,24.55,25.5,24.25,25.325,25.281,201.0,17723,2024-02-26T00:00:00.0000000
552,PEGAS G8BM032024,Mar-2024,24.85,26.0,24.85,26.0,25.615,69.0,17788,2024-02-27T00:00:00.0000000
553,PEGAS G8BM032024,Mar-2024,26.35,27.3,26.35,27.1,26.96,317.0,17915,2024-02-28T00:00:00.0000000
554,PEGAS G8BM042024,Apr-2024,26.8,26.8,26.15,26.5,26.439,43.0,2610,2024-02-29T00:00:00.0000000
555,PEGAS G8BM042024,Apr-2024,26.8,27.21,26.75,27.21,27.178,88.0,3270,2024-03-01T00:00:00.0000000
556,PEGAS G8BM042024,Apr-2024,26.5,28.25,26.2,28.25,28.216,135.0,3396,2024-03-04T00:00:00.0000000
557,PEGAS G8BM042024,Apr-2024,28.9,29.65,28.7,28.7,28.703,210.0,3578,2024-03-05T00:00:00.0000000
558,PEGAS G8BM042024,Apr-2024,29.65,29.65,27.65,27.65,27.716,62.0,3622,2024-03-06T00:00:00.0000000
559,PEGAS G8BM042024,Apr-2024,27.7,27.8,27.12,27.3,27.124,280.0,3849,2024-03-07T00:00:00.0000000
560,PEGAS G8BM042024,Apr-2024,27.6,27.8,27.1,27.1,27.453,89.0,3867,2024-03-08T00:00:00.0000000
561,PEGAS G8BM042024,Apr-2024,27.5,27.5,26.125,26.3,26.298,199.0,3999,2024-03-11T00:00:00.0000000
562,PEGAS G8BM042024,Apr-2024,25.7,26.205,25.7,26.2,26.18,200.0,4118,2024-03-12T00:00:00.0000000
563,PEGAS G8BM042024,Apr-2024,26.0,26.35,26.0,26.2,26.238,99.0,4206,2024-03-13T00:00:00.0000000
564,PEGAS G8BM042024,Apr-2024,26.1,27.45,26.1,27.45,27.457,75.0,4281,2024-03-14T00:00:00.0000000
565,PEGAS G8BM042024,Apr-2024,27.6,28.4,27.5,28.275,28.216,327.0,4521,2024-03-15T00:00:00.0000000
566,PEGAS G8BM042024,Apr-2024,29.9,30.125,29.7,30.09,30.081,212.0,4735,2024-03-18T00:00:00.0000000
567,PEGAS G8BM042024,Apr-2024,29.75,30.175,29.0,29.95,30.099,125.0,4907,2024-03-19T00:00:00.0000000
568,PEGAS G8BM042024,Apr-2024,29.5,29.6,28.85,28.85,28.866,303.0,5165,2024-03-20T00:00:00.0000000
569,PEGAS G8BM042024,Apr-2024,28.25,28.35,27.35,27.35,27.389,311.0,5360,2024-03-21T00:00:00.0000000
570,PEGAS G8BM042024,Apr-2024,27.95,28.65,27.825,28.65,28.643,279.0,5598,2024-03-22T00:00:00.0000000
571,PEGAS G8BM042024,Apr-2024,29.3,29.6,29.1,29.4,29.408,301.0,6095,2024-03-25T00:00:00.0000000
572,PEGAS G8BM042024,Apr-2024,29.0,29.0,28.0,28.0,28.273,603.0,16577,2024-03-26T00:00:00.0000000
573,PEGAS G8BM042024,Apr-2024,28.35,28.6,27.85,28.5,28.508,304.0,16816,2024-03-27T00:00:00.0000000
574,PEGAS G8BM052024,May-2024,28.35,28.65,28.35,28.65,28.652,6.0,11178,2024-03-28T00:00:00.0000000
575,PEGAS G8BM052024,May-2024,28.0,28.2,27.5,27.5,27.564,220.0,11251,2024-04-02T00:00:00.0000000
576,PEGAS G8BM052024,May-2024,27.1,27.15,26.7,26.7,26.768,163.0,11394,2024-04-03T00:00:00.0000000
577,PEGAS G8BM052024,May-2024,27.25,27.55,27.15,27.5,27.504,165.0,11511,2024-04-04T00:00:00.0000000
578,PEGAS G8BM052024,May-2024,27.455,27.5,27.25,27.4,27.774,87.0,11592,2024-04-05T00:00:00.0000000
579,PEGAS G8BM052024,May-2024,27.9,28.35,27.9,28.3,29.057,194.0,11780,2024-04-08T00:00:00.0000000
580,PEGAS G8BM052024,May-2024,28.955,29.5,28.6,28.6,28.201,66.0,11846,2024-04-09T00:00:00.0000000
581,PEGAS G8BM052024,May-2024,29.05,29.05,27.8,28.6,28.112,126.0,12144,2024-04-10T00:00:00.0000000
582,PEGAS G8BM052024,May-2024,29.4,30.4,29.4,30.4,30.402,99.0,12242,2024-04-11T00:00:00.0000000
583,PEGAS G8BM052024,May-2024,31.28,31.75,30.0,31.7,31.603,223.0,12503,2024-04-12T00:00:00.0000000
584,PEGAS G8BM052024,May-2024,31.0,31.675,30.975,31.475,32.013,71.0,12577,2024-04-15T00:00:00.0000000
585,PEGAS G8BM052024,May-2024,33.245,34.5,33.15,33.9,33.925,178.0,12750,2024-04-16T00:00:00.0000000
586,PEGAS G8BM052024,May-2024,33.8,33.8,32.2,32.2,32.315,126.0,12867,2024-04-17T00:00:00.0000000
587,PEGAS G8BM052024,May-2024,31.725,33.5,31.725,33.4,33.36,442.0,13175,2024-04-18T00:00:00.0000000
588,PEGAS G8BM052024,May-2024,32.425,32.89,31.65,31.65,31.776,116.0,13257,2024-04-19T00:00:00.0000000
589,PEGAS G8BM052024,May-2024,31.0,31.4,30.4,30.4,30.403,398.0,13845,2024-04-22T00:00:00.0000000
590,PEGAS G8BM052024,May-2024,30.2,30.8,29.8,29.8,29.451,191.0,14098,2024-04-23T00:00:00.0000000
591,PEGAS G8BM052024,May-2024,30.1,30.27,29.2,30.2,29.98,611.0,14675,2024-04-24T00:00:00.0000000
592,PEGAS G8BM052024,May-2024,30.55,31.065,30.25,31.065,30.594,305.0,14899,2024-04-25T00:00:00.0000000
593,PEGAS G8BM052024,May-2024,30.35,30.35,29.45,29.5,29.499,320.0,15138,2024-04-26T00:00:00.0000000
594,PEGAS G8BM052024,May-2024,28.9,28.9,28.55,28.65,28.672,458.0,15706,2024-04-29T00:00:00.0000000
595,PEGAS G8BM062024,Jun-2024,29.45,30.1,29.45,29.9,29.785,118.0,11327,2024-04-30T00:00:00.0000000
596,PEGAS G8BM062024,Jun-2024,30.13,31.51,30.13,31.5,31.482,260.0,11687,2024-05-02T00:00:00.0000000
597,PEGAS G8BM062024,Jun-2024,31.75,32.175,30.585,30.585,31.04,214.0,11871,2024-05-03T00:00:00.0000000
598,PEGAS G8BM062024,Jun-2024,31.5,32.5,31.5,32.15,32.476,196.0,12066,2024-05-06T00:00:00.0000000
599,PEGAS G8BM062024,Jun-2024,32.4,32.75,31.25,31.3,31.478,199.0,12265,2024-05-07T00:00:00.0000000
600,PEGAS G8BM062024,Jun-2024,30.83,31.4,30.83,31.0,31.0,110.0,12398,2024-05-08T00:00:00.0000000
601,PEGAS G8BM062024,Jun-2024,31.29,31.6,31.225,31.225,31.046,118.0,12655,2024-05-09T00:00:00.0000000
602,PEGAS G8BM062024,Jun-2024,30.5,30.7,30.05,30.15,30.209,112.0,12756,2024-05-10T00:00:00.0000000
603,PEGAS G8BM062024,Jun-2024,29.55,29.775,29.55,29.65,29.844,121.0,12900,2024-05-13T00:00:00.0000000
604,PEGAS G8BM062024,Jun-2024,29.75,30.525,29.75,30.5,30.106,153.0,13046,2024-05-14T00:00:00.0000000
605,PEGAS G8BM062024,Jun-2024,30.72,31.1,30.25,30.25,30.254,229.0,13253,2024-05-15T00:00:00.0000000
606,PEGAS G8BM062024,Jun-2024,30.3,30.825,30.3,30.825,30.667,187.0,13386,2024-05-16T00:00:00.0000000
607,PEGAS G8BM062024,Jun-2024,31.89,31.89,30.765,30.765,31.247,74.0,13459,2024-05-17T00:00:00.0000000
608,PEGAS G8BM062024,Jun-2024,32.13,32.5,32.13,32.5,32.354,67.0,13548,2024-05-20T00:00:00.0000000
609,PEGAS G8BM062024,Jun-2024,32.5,33.675,32.1,33.675,33.663,199.0,13690,2024-05-21T00:00:00.0000000
610,PEGAS G8BM062024,Jun-2024,34.4,35.0,34.4,34.475,35.051,584.0,14244,2024-05-22T00:00:00.0000000
611,PEGAS G8BM062024,Jun-2024,36.6,36.9,35.7,36.4,36.536,387.0,14429,2024-05-23T00:00:00.0000000
612,PEGAS G8BM062024,Jun-2024,35.5,35.5,34.7,35.15,35.158,118.0,14546,2024-05-24T00:00:00.0000000
613,PEGAS G8BM062024,Jun-2024,35.65,36.2,35.5,36.2,36.483,10.0,14524,2024-05-27T00:00:00.0000000
614,PEGAS G8BM062024,Jun-2024,35.2,35.6,34.8,34.8,34.973,423.0,14937,2024-05-28T00:00:00.0000000
615,PEGAS G8BM062024,Jun-2024,35.7,35.7,34.595,35.3,35.262,117.0,15053,2024-05-29T00:00:00.0000000
616,PEGAS G8BM062024,Jun-2024,35.4,35.85,35.4,35.7,36.417,27.0,15070,2024-05-30T00:00:00.0000000
617,PEGAS G8BM072024,Jul-2024,37.05,37.05,37.05,37.05,35.272,2.0,2026,2024-05-31T00:00:00.0000000
618,PEGAS G8BM072024,Jul-2024,37.5,38.2,37.25,37.25,37.184,14.0,2030,2024-06-03T00:00:00.0000000
619,PEGAS G8BM072024,Jul-2024,37.25,37.25,35.4,35.4,35.03,88.0,2096,2024-06-04T00:00:00.0000000
620,PEGAS G8BM072024,Jul-2024,35.45,35.45,34.4,34.4,34.477,364.0,2419,2024-06-05T00:00:00.0000000
621,PEGAS G8BM072024,Jul-2024,35.15,35.15,34.6,34.6,34.813,47.0,2464,2024-06-06T00:00:00.0000000
622,PEGAS G8BM072024,Jul-2024,33.925,34.35,33.75,34.0,34.05,161.0,2620,2024-06-07T00:00:00.0000000
623,PEGAS G8BM072024,Jul-2024,33.6,34.1,33.35,34.1,35.115,69.0,2689,2024-06-10T00:00:00.0000000
624,PEGAS G8BM072024,Jul-2024,35.63,35.63,34.85,34.85,35.31,34.0,2785,2024-06-11T00:00:00.0000000
625,PEGAS G8BM072024,Jul-2024,36.15,36.35,35.9,35.9,36.211,167.0,2947,2024-06-12T00:00:00.0000000
626,PEGAS G8BM072024,Jul-2024,37.12,37.3,36.6,36.6,36.807,114.0,3070,2024-06-13T00:00:00.0000000
627,PEGAS G8BM072024,Jul-2024,36.79,36.8,35.9,36.5,36.483,240.0,3290,2024-06-14T00:00:00.0000000
628,PEGAS G8BM072024,Jul-2024,35.7,36.0,35.6,35.6,35.242,56.0,3341,2024-06-17T00:00:00.0000000
629,PEGAS G8BM072024,Jul-2024,35.5,35.75,35.5,35.61,35.727,92.0,3433,2024-06-18T00:00:00.0000000
630,PEGAS G8BM072024,Jul-2024,35.55,36.55,35.55,36.395,36.388,184.0,3617,2024-06-19T00:00:00.0000000
631,PEGAS G8BM072024,Jul-2024,36.0,36.0,35.86,35.86,35.8,88.0,3720,2024-06-20T00:00:00.0000000
632,PEGAS G8BM072024,Jul-2024,35.45,35.45,35.25,35.25,35.125,121.0,3851,2024-06-21T00:00:00.0000000
633,PEGAS G8BM072024,Jul-2024,35.3,35.45,35.1,35.35,35.338,226.0,4077,2024-06-24T00:00:00.0000000
634,PEGAS G8BM072024,Jul-2024,35.85,36.13,35.8,36.13,36.227,247.0,4393,2024-06-25T00:00:00.0000000
635,PEGAS G8BM072024,Jul-2024,36.125,36.145,35.25,35.25,35.229,37.0,15236,2024-06-26T00:00:00.0000000
636,PEGAS G8BM072024,Jul-2024,36.075,36.075,35.45,35.45,35.908,76.0,15282,2024-06-27T00:00:00.0000000
637,PEGAS G8BM082024,Aug-2024,35.45,35.49,35.45,35.49,35.427,34.0,13057,2024-06-28T00:00:00.0000000
638,PEGAS G8BM082024,Aug-2024,35.15,35.15,34.5,34.5,34.329,175.0,13232,2024-07-01T00:00:00.0000000
639,PEGAS G8BM082024,Aug-2024,34.18,34.5,34.18,34.5,34.52,81.0,13313,2024-07-02T00:00:00.0000000
640,PEGAS G8BM082024,Aug-2024,33.7,33.7,33.5,33.5,33.507,177.0,13475,2024-07-03T00:00:00.0000000
641,PEGAS G8BM082024,Aug-2024,34.0,34.35,34.0,34.35,34.02,452.0,13927,2024-07-04T00:00:00.0000000
642,PEGAS G8BM082024,Aug-2024,33.85,33.9,33.65,33.755,33.794,165.0,14092,2024-07-05T00:00:00.0000000
643,PEGAS G8BM082024,Aug-2024,33.95,33.95,33.0,33.0,32.999,76.0,14162,2024-07-08T00:00:00.0000000
644,PEGAS G8BM082024,Aug-2024,33.0,33.0,31.905,32.155,32.153,182.0,14314,2024-07-09T00:00:00.0000000
645,PEGAS G8BM082024,Aug-2024,32.25,32.5,31.75,31.75,31.753,103.0,14397,2024-07-10T00:00:00.0000000
646,PEGAS G8BM082024,Aug-2024,31.52,32.5,31.515,32.2,32.217,137.0,14521,2024-07-11T00:00:00.0000000
647,PEGAS G8BM082024,Aug-2024,32.125,33.025,32.125,33.025,32.867,13.0,14523,2024-07-12T00:00:00.0000000
648,PEGAS G8BM082024,Aug-2024,32.85,32.85,32.45,32.475,32.568,54.0,14558,2024-07-15T00:00:00.0000000
649,PEGAS G8BM082024,Aug-2024,33.45,34.35,33.4,34.2,34.22,87.0,14569,2024-07-16T00:00:00.0000000
650,PEGAS G8BM082024,Aug-2024,34.2,34.35,33.325,33.325,33.347,116.0,14633,2024-07-17T00:00:00.0000000
651,PEGAS G8BM082024,Aug-2024,33.35,33.7,33.35,33.7,34.02,72.0,14665,2024-07-18T00:00:00.0000000
652,PEGAS G8BM082024,Aug-2024,33.5,33.75,33.5,33.6,33.538,71.0,14710,2024-07-19T00:00:00.0000000
653,PEGAS G8BM082024,Aug-2024,32.825,33.35,32.745,33.325,33.339,67.0,14754,2024-07-22T00:00:00.0000000
654,PEGAS G8BM082024,Aug-2024,32.98,33.215,32.78,33.2,33.195,155.0,14876,2024-07-23T00:00:00.0000000
655,PEGAS G8BM082024,Aug-2024,33.75,34.25,33.75,34.25,34.055,330.0,15194,2024-07-24T00:00:00.0000000
656,PEGAS G8BM082024,Aug-2024,33.25,33.3,33.1,33.1,33.098,117.0,15383,2024-07-25T00:00:00.0000000
657,PEGAS G8BM082024,Aug-2024,33.91,34.025,33.8,33.8,33.82,148.0,15446,2024-07-26T00:00:00.0000000
658,PEGAS G8BM082024,Aug-2024,34.8,35.0,34.71,34.9,35.242,118.0,15562,2024-07-29T00:00:00.0000000
659,PEGAS G8BM082024,Aug-2024,35.15,35.225,35.07,35.225,35.705,31.0,15622,2024-07-30T00:00:00.0000000
660,PEGAS G8BM092024,Sep-2024,36.88,36.975,36.475,36.675,37.191,493.0,13624,2024-07-31T00:00:00.0000000
661,PEGAS G8BM092024,Sep-2024,37.5,38.375,37.48,38.3,38.346,115.0,13724,2024-08-01T00:00:00.0000000
662,PEGAS G8BM092024,Sep-2024,38.05,38.3,37.5,38.3,38.024,24.0,13743,2024-08-02T00:00:00.0000000
663,PEGAS G8BM092024,Sep-2024,37.48,37.48,36.4,36.775,36.899,16.0,13749,2024-08-05T00:00:00.0000000
664,PEGAS G8BM092024,Sep-2024,37.8,38.34,37.8,37.95,38.371,112.0,13853,2024-08-06T00:00:00.0000000
665,PEGAS G8BM092024,Sep-2024,38.0,40.5,38.0,40.5,40.388,41.0,13868,2024-08-07T00:00:00.0000000
666,PEGAS G8BM092024,Sep-2024,40.775,42.1,40.5,42.1,41.988,43.0,13917,2024-08-08T00:00:00.0000000
667,PEGAS G8BM092024,Sep-2024,42.295,42.295,41.5,41.665,42.209,121.0,14026,2024-08-09T00:00:00.0000000
668,PEGAS G8BM092024,Sep-2024,43.85,43.85,43.1,43.1,41.613,13.0,14030,2024-08-12T00:00:00.0000000
669,PEGAS G8BM092024,Sep-2024,41.0,41.85,41.0,41.75,41.289,40.0,14063,2024-08-13T00:00:00.0000000
670,PEGAS G8BM092024,Sep-2024,41.9,41.9,40.49,40.6,40.578,84.0,14101,2024-08-14T00:00:00.0000000
671,PEGAS G8BM092024,Sep-2024,40.65,41.25,40.65,41.25,41.0,28.0,14129,2024-08-15T00:00:00.0000000
672,PEGAS G8BM092024,Sep-2024,40.9,41.315,40.75,41.315,41.238,61.0,14190,2024-08-16T00:00:00.0000000
673,PEGAS G8BM092024,Sep-2024,41.0,42.125,41.0,41.6,41.733,82.0,14252,2024-08-19T00:00:00.0000000
674,PEGAS G8BM092024,Sep-2024,41.75,41.75,40.525,40.525,39.867,36.0,14288,2024-08-20T00:00:00.0000000
675,PEGAS G8BM092024,Sep-2024,40.15,40.15,39.045,39.045,39.013,279.0,14574,2024-08-21T00:00:00.0000000
676,PEGAS G8BM092024,Sep-2024,39.35,39.35,38.3,38.3,38.46,154.0,15044,2024-08-22T00:00:00.0000000
677,PEGAS G8BM092024,Sep-2024,38.65,39.0,38.1,38.775,38.781,487.0,15526,2024-08-23T00:00:00.0000000
678,PEGAS G8BM092024,Sep-2024,38.5,39.2,38.345,39.2,39.708,132.0,15586,2024-08-26T00:00:00.0000000
679,PEGAS G8BM092024,Sep-2024,40.5,40.7,40.35,40.65,40.699,192.0,15751,2024-08-27T00:00:00.0000000
680,PEGAS G8BM092024,Sep-2024,41.185,41.65,40.6,40.675,40.705,227.0,15793,2024-08-28T00:00:00.0000000
681,PEGAS G8BM092024,Sep-2024,40.7,40.85,40.2,40.475,40.622,138.0,15898,2024-08-29T00:00:00.0000000
682,PEGAS G8BM102024,Oct-2024,41.3,41.5,41.25,41.25,41.499,183.0,1280,2024-08-30T00:00:00.0000000
683,PEGAS G8BM102024,Oct-2024,41.2,41.2,40.3,40.375,40.368,560.0,1817,2024-09-02T00:00:00.0000000
684,PEGAS G8BM102024,Oct-2024,39.35,39.6,39.0,39.0,38.993,1062.0,2813,2024-09-03T00:00:00.0000000
685,PEGAS G8BM102024,Oct-2024,38.5,38.8,37.625,37.625,37.57,208.0,2953,2024-09-04T00:00:00.0000000
686,PEGAS G8BM102024,Oct-2024,37.9,38.2,37.7,38.15,37.927,125.0,3014,2024-09-05T00:00:00.0000000
687,PEGAS G8BM102024,Oct-2024,38.8,39.1,38.4,38.4,38.129,62.0,3116,2024-09-06T00:00:00.0000000
688,PEGAS G8BM102024,Oct-2024,38.95,39.0,38.775,38.775,38.98,27.0,3144,2024-09-09T00:00:00.0000000
689,PEGAS G8BM102024,Oct-2024,38.35,38.35,36.72,36.72,36.827,119.0,3235,2024-09-10T00:00:00.0000000
690,PEGAS G8BM102024,Oct-2024,37.4,37.5,36.6,37.5,37.67,124.0,3319,2024-09-11T00:00:00.0000000
691,PEGAS G8BM102024,Oct-2024,37.2,37.2,36.3,36.4,36.406,145.0,3424,2024-09-12T00:00:00.0000000
692,PEGAS G8BM102024,Oct-2024,37.0,37.45,36.55,36.9,36.854,395.0,3972,2024-09-13T00:00:00.0000000
693,PEGAS G8BM102024,Oct-2024,36.0,36.0,35.25,35.4,35.322,289.0,4100,2024-09-16T00:00:00.0000000
694,PEGAS G8BM102024,Oct-2024,35.6,36.85,35.6,36.8,36.824,114.0,4309,2024-09-17T00:00:00.0000000
695,PEGAS G8BM102024,Oct-2024,36.5,36.5,36.25,36.3,36.613,29.0,4312,2024-09-18T00:00:00.0000000
696,PEGAS G8BM102024,Oct-2024,37.7,38.0,34.45,34.675,34.597,168.0,4407,2024-09-19T00:00:00.0000000
697,PEGAS G8BM102024,Oct-2024,35.7,36.05,35.4,35.8,35.481,364.0,4790,2024-09-20T00:00:00.0000000
698,PEGAS G8BM102024,Oct-2024,36.65,37.6,36.25,37.6,37.547,172.0,4961,2024-09-23T00:00:00.0000000
699,PEGAS G8BM102024,Oct-2024,37.3,37.3,36.65,36.88,36.712,190.0,5168,2024-09-24T00:00:00.0000000
700,PEGAS G8BM102024,Oct-2024,37.45,38.45,36.9,38.45,38.455,102.0,5219,2024-09-25T00:00:00.0000000
701,PEGAS G8BM102024,Oct-2024,38.05,38.3,37.65,38.3,38.807,87.0,15444,2024-09-26T00:00:00.0000000
702,PEGAS G8BM102024,Oct-2024,38.4,38.6,38.05,38.5,38.72,131.0,15643,2024-09-27T00:00:00.0000000
703,PEGAS G8BM112024,Nov-2024,40.3,40.3,39.8,39.93,40.046,11.0,11396,2024-09-30T00:00:00.0000000
704,PEGAS G8BM112024,Nov-2024,39.245,39.85,38.55,39.85,40.248,230.0,11652,2024-10-01T00:00:00.0000000
705,PEGAS G8BM112024,Nov-2024,40.0,40.0,39.7,39.7,39.689,194.0,11817,2024-10-02T00:00:00.0000000
706,PEGAS G8BM112024,Nov-2024,39.3,40.6,39.3,40.6,40.552,120.0,11924,2024-10-03T00:00:00.0000000
707,PEGAS G8BM112024,Nov-2024,40.6,41.45,40.525,41.45,41.711,155.0,11986,2024-10-04T00:00:00.0000000
708,PEGAS G8BM112024,Nov-2024,41.15,41.475,40.155,40.8,40.814,168.0,12125,2024-10-07T00:00:00.0000000
709,PEGAS G8BM112024,Nov-2024,40.2,40.5,39.35,39.35,39.565,154.0,12165,2024-10-08T00:00:00.0000000
710,PEGAS G8BM112024,Nov-2024,39.1,39.35,38.75,38.875,38.866,135.0,12300,2024-10-09T00:00:00.0000000
711,PEGAS G8BM112024,Nov-2024,39.4,40.4,39.4,40.4,40.541,260.0,12445,2024-10-10T00:00:00.0000000
712,PEGAS G8BM112024,Nov-2024,40.1,40.4,39.95,40.15,40.162,152.0,12583,2024-10-11T00:00:00.0000000
713,PEGAS G8BM112024,Nov-2024,40.25,40.85,40.025,40.85,40.848,165.0,12725,2024-10-14T00:00:00.0000000
714,PEGAS G8BM112024,Nov-2024,39.415,40.5,39.4,40.35,40.447,198.0,12847,2024-10-15T00:00:00.0000000
715,PEGAS G8BM112024,Nov-2024,40.5,40.75,39.85,40.0,40.005,241.0,13384,2024-10-16T00:00:00.0000000
716,PEGAS G8BM112024,Nov-2024,40.15,40.5,39.875,40.15,40.244,285.0,13403,2024-10-17T00:00:00.0000000
717,PEGAS G8BM112024,Nov-2024,40.0,40.15,39.7,39.7,39.688,346.0,13595,2024-10-18T00:00:00.0000000
718,PEGAS G8BM112024,Nov-2024,40.025,40.65,40.025,40.55,40.628,242.0,13833,2024-10-21T00:00:00.0000000
719,PEGAS G8BM112024,Nov-2024,40.5,41.5,40.5,41.5,41.234,238.0,13956,2024-10-22T00:00:00.0000000
720,PEGAS G8BM112024,Nov-2024,41.9,42.135,41.6,41.915,41.882,329.0,14286,2024-10-23T00:00:00.0000000
721,PEGAS G8BM112024,Nov-2024,42.3,42.9,42.3,42.775,42.464,177.0,14417,2024-10-24T00:00:00.0000000
722,PEGAS G8BM112024,Nov-2024,42.8,43.84,42.8,43.84,43.768,271.0,14517,2024-10-25T00:00:00.0000000
723,PEGAS G8BM112024,Nov-2024,42.25,42.9,42.2,42.9,42.867,141.0,14481,2024-10-28T00:00:00.0000000
724,PEGAS G8BM112024,Nov-2024,42.9,44.05,42.9,43.2,43.376,288.0,14894,2024-10-29T00:00:00.0000000
725,PEGAS G8BM112024,Nov-2024,42.3,42.3,41.9,41.975,41.412,304.0,15147,2024-10-30T00:00:00.0000000
726,PEGAS G8BM122024,Dec-2024,40.7,41.0,40.7,41.0,41.12,21.0,12020,2024-10-31T00:00:00.0000000
727,PEGAS G8BM122024,Dec-2024,40.05,40.05,39.5,39.5,39.76,11.0,12030,2024-11-01T00:00:00.0000000
728,PEGAS G8BM122024,Dec-2024,40.15,40.75,40.1,40.75,40.651,44.0,12056,2024-11-04T00:00:00.0000000
729,PEGAS G8BM122024,Dec-2024,41.0,41.4,40.8,40.94,40.925,83.0,12107,2024-11-05T00:00:00.0000000
730,PEGAS G8BM122024,Dec-2024,40.2,40.8,39.55,40.8,40.786,168.0,12235,2024-11-06T00:00:00.0000000
731,PEGAS G8BM122024,Dec-2024,41.5,41.675,41.3,41.675,41.641,44.0,12274,2024-11-07T00:00:00.0000000
732,PEGAS G8BM122024,Dec-2024,43.05,43.2,42.75,42.95,42.916,138.0,12292,2024-11-08T00:00:00.0000000
733,PEGAS G8BM122024,Dec-2024,43.3,44.5,43.3,44.275,44.107,240.0,12446,2024-11-11T00:00:00.0000000
734,PEGAS G8BM122024,Dec-2024,44.1,44.925,43.925,44.495,44.776,458.0,12897,2024-11-12T00:00:00.0000000
735,PEGAS G8BM122024,Dec-2024,43.7,44.6,43.7,44.485,44.323,343.0,13218,2024-11-13T00:00:00.0000000
736,PEGAS G8BM122024,Dec-2024,46.75,46.875,46.25,46.875,47.222,170.0,13391,2024-11-14T00:00:00.0000000
737,PEGAS G8BM122024,Dec-2024,47.0,47.75,46.55,47.75,47.721,359.0,13602,2024-11-15T00:00:00.0000000
738,PEGAS G8BM122024,Dec-2024,47.8,47.9,47.105,47.9,47.888,240.0,13826,2024-11-18T00:00:00.0000000
739,PEGAS G8BM122024,Dec-2024,47.7,48.075,46.45,46.45,46.46,200.0,13920,2024-11-19T00:00:00.0000000
740,PEGAS G8BM122024,Dec-2024,46.55,47.8,46.55,47.575,47.589,157.0,14131,2024-11-20T00:00:00.0000000
741,PEGAS G8BM122024,Dec-2024,48.85,49.615,48.85,49.3,49.265,332.0,14407,2024-11-21T00:00:00.0000000
742,PEGAS G8BM122024,Dec-2024,49.6,49.8,48.4,48.4,47.883,87.0,14479,2024-11-22T00:00:00.0000000
743,PEGAS G8BM122024,Dec-2024,48.1,49.7,48.1,48.775,48.763,461.0,15220,2024-11-25T00:00:00.0000000
744,PEGAS G8BM122024,Dec-2024,48.3,49.4,47.3,48.05,48.05,613.0,15664,2024-11-26T00:00:00.0000000
745,PEGAS G8BM122024,Dec-2024,47.275,47.6,47.15,47.6,47.612,309.0,15921,2024-11-27T00:00:00.0000000
746,PEGAS G8BM122024,Dec-2024,47.6,47.6,46.95,47.0,47.018,230.0,16055,2024-11-28T00:00:00.0000000
747,PEGAS G8BM012025,Jan-2025,48.425,48.425,48.425,48.425,48.714,2.0,611,2024-11-29T00:00:00.0000000
748,PEGAS G8BM012025,Jan-2025,50.4,50.4,49.545,49.725,49.897,118.0,727,2024-12-02T00:00:00.0000000
749,PEGAS G8BM012025,Jan-2025,50.75,50.75,49.55,49.75,49.876,193.0,902,2024-12-03T00:00:00.0000000
750,PEGAS G8BM012025,Jan-2025,49.2,49.2,48.2,48.2,48.221,193.0,1096,2024-12-04T00:00:00.0000000
751,PEGAS G8BM012025,Jan-2025,48.275,48.65,47.7,47.825,47.768,232.0,1308,2024-12-05T00:00:00.0000000
752,PEGAS G8BM012025,Jan-2025,47.6,47.825,47.35,47.4,47.732,87.0,1395,2024-12-06T00:00:00.0000000
753,PEGAS G8BM012025,Jan-2025,47.0,47.1,46.235,46.235,46.234,262.0,1651,2024-12-09T00:00:00.0000000
754,PEGAS G8BM012025,Jan-2025,46.2,46.75,46.2,46.655,46.926,162.0,1808,2024-12-10T00:00:00.0000000
755,PEGAS G8BM012025,Jan-2025,47.1,47.1,46.08,46.1,46.073,95.0,1900,2024-12-11T00:00:00.0000000
756,PEGAS G8BM012025,Jan-2025,45.4,45.4,44.4,44.4,44.351,124.0,2066,2024-12-12T00:00:00.0000000
757,PEGAS G8BM012025,Jan-2025,44.74,44.74,42.8,42.8,42.818,84.0,2142,2024-12-13T00:00:00.0000000
758,PEGAS G8BM012025,Jan-2025,41.63,41.9,41.175,41.425,41.881,122.0,2259,2024-12-16T00:00:00.0000000
759,PEGAS G8BM012025,Jan-2025,42.0,43.505,41.85,43.42,43.462,186.0,2722,2024-12-17T00:00:00.0000000
760,PEGAS G8BM012025,Jan-2025,43.25,43.25,42.2,42.375,42.39,92.0,2876,2024-12-18T00:00:00.0000000
761,PEGAS G8BM012025,Jan-2025,43.0,44.4,42.1,44.4,44.024,424.0,3328,2024-12-19T00:00:00.0000000
762,PEGAS G8BM012025,Jan-2025,45.45,45.45,44.65,44.775,45.478,151.0,3463,2024-12-20T00:00:00.0000000
763,PEGAS G8BM012025,Jan-2025,45.5,47.05,45.5,46.825,46.899,81.0,3495,2024-12-23T00:00:00.0000000
764,PEGAS G8BM012025,Jan-2025,,,,,47.51,5.0,3498,2024-12-24T00:00:00.0000000
765,PEGAS G8BM012025,Jan-2025,48.4,49.3,48.4,49.225,48.823,83.0,17724,2024-12-27T00:00:00.0000000
766,PEGAS G8BM012025,Jan-2025,49.0,49.0,48.8,48.8,49.122,64.0,17727,2024-12-30T00:00:00.0000000
767,PEGAS G8BM022025,Feb-2025,,,,,50.372,30.0,16631,2024-12-31T00:00:00.0000000
768,PEGAS G8BM022025,Feb-2025,51.5,51.5,50.3,51.2,51.414,19.0,16644,2025-01-02T00:00:00.0000000
769,PEGAS G8BM022025,Feb-2025,51.1,51.3,51.1,51.1,50.832,92.0,16729,2025-01-03T00:00:00.0000000
770,PEGAS G8BM022025,Feb-2025,49.625,49.63,49.25,49.25,48.683,144.0,16801,2025-01-06T00:00:00.0000000
771,PEGAS G8BM022025,Feb-2025,48.5,48.8,47.5,48.8,48.822,145.0,16869,2025-01-07T00:00:00.0000000
772,PEGAS G8BM022025,Feb-2025,48.7,48.8,46.97,47.0,46.884,181.0,17044,2025-01-08T00:00:00.0000000
773,PEGAS G8BM022025,Feb-2025,46.45,46.45,45.7,46.3,46.262,43.0,17087,2025-01-09T00:00:00.0000000
774,PEGAS G8BM022025,Feb-2025,46.1,46.2,44.95,46.15,46.341,210.0,17211,2025-01-10T00:00:00.0000000
775,PEGAS G8BM022025,Feb-2025,48.35,48.985,48.0,48.985,49.526,167.0,17252,2025-01-13T00:00:00.0000000
776,PEGAS G8BM022025,Feb-2025,49.33,49.5,47.91,47.925,48.074,231.0,17341,2025-01-14T00:00:00.0000000
777,PEGAS G8BM022025,Feb-2025,48.435,48.9,47.95,48.3,48.078,137.0,17360,2025-01-15T00:00:00.0000000
778,PEGAS G8BM022025,Feb-2025,47.25,47.475,47.25,47.425,47.417,44.0,17373,2025-01-16T00:00:00.0000000
779,PEGAS G8BM022025,Feb-2025,47.885,48.21,47.885,48.21,47.986,65.0,17378,2025-01-17T00:00:00.0000000
780,PEGAS G8BM022025,Feb-2025,47.55,48.8,47.55,48.75,48.765,200.0,17892,2025-01-20T00:00:00.0000000
781,PEGAS G8BM022025,Feb-2025,49.385,50.75,48.55,50.73,50.767,88.0,18030,2025-01-21T00:00:00.0000000
782,PEGAS G8BM022025,Feb-2025,50.735,51.05,49.8,49.8,49.718,67.0,18141,2025-01-22T00:00:00.0000000
783,PEGAS G8BM022025,Feb-2025,50.57,50.75,49.8,49.8,50.118,133.0,18162,2025-01-23T00:00:00.0000000
784,PEGAS G8BM022025,Feb-2025,50.775,50.775,49.5,49.755,50.798,65.0,18208,2025-01-24T00:00:00.0000000
785,PEGAS G8BM022025,Feb-2025,50.2,50.2,48.98,49.1,48.987,99.0,16671,2025-01-27T00:00:00.0000000
786,PEGAS G8BM022025,Feb-2025,49.5,49.9,49.15,49.2,49.34,190.0,16794,2025-01-28T00:00:00.0000000
787,PEGAS G8BM022025,Feb-2025,50.15,52.3,50.15,52.2,52.404,184.0,16953,2025-01-29T00:00:00.0000000
788,PEGAS G8BM022025,Feb-2025,52.0,53.3,52.0,52.75,52.751,284.0,17054,2025-01-30T00:00:00.0000000
789,PEGAS G8BM032025,Mar-2025,53.55,54.6,53.2,54.15,54.245,82.0,18317,2025-01-31T00:00:00.0000000
790,PEGAS G8BM032025,Mar-2025,54.2,54.975,54.2,54.55,54.567,197.0,18493,2025-02-03T00:00:00.0000000
791,PEGAS G8BM032025,Mar-2025,54.16,54.17,52.5,52.5,52.833,268.0,18748,2025-02-04T00:00:00.0000000
792,PEGAS G8BM032025,Mar-2025,53.3,54.4,52.925,54.4,54.266,140.0,18794,2025-02-05T00:00:00.0000000
793,PEGAS G8BM032025,Mar-2025,54.9,55.85,54.85,55.245,55.277,146.0,18830,2025-02-06T00:00:00.0000000
794,PEGAS G8BM032025,Mar-2025,54.9,56.4,54.9,56.4,56.529,147.0,18890,2025-02-07T00:00:00.0000000
795,PEGAS G8BM032025,Mar-2025,58.91,59.4,58.5,58.915,58.589,73.0,18932,2025-02-10T00:00:00.0000000
796,PEGAS G8BM032025,Mar-2025,59.0,59.35,58.125,59.225,58.755,210.0,18983,2025-02-11T00:00:00.0000000
797,PEGAS G8BM032025,Mar-2025,57.7,58.0,56.3,56.7,56.731,214.0,19200,2025-02-12T00:00:00.0000000
798,PEGAS G8BM032025,Mar-2025,53.685,54.25,52.175,52.3,52.502,152.0,19335,2025-02-13T00:00:00.0000000
799,PEGAS G8BM032025,Mar-2025,49.7,52.05,49.7,52.05,51.765,143.0,19454,2025-02-14T00:00:00.0000000
800,PEGAS G8BM032025,Mar-2025,51.1,52.15,49.0,49.3,49.474,267.0,19706,2025-02-17T00:00:00.0000000
801,PEGAS G8BM032025,Mar-2025,49.25,50.9,48.6,50.9,50.542,295.0,19933,2025-02-18T00:00:00.0000000
802,PEGAS G8BM032025,Mar-2025,50.22,51.08,48.85,48.85,49.693,228.0,20186,2025-02-19T00:00:00.0000000
803,PEGAS G8BM032025,Mar-2025,49.28,49.705,48.815,48.825,49.014,197.0,20313,2025-02-20T00:00:00.0000000
804,PEGAS G8BM032025,Mar-2025,49.3,49.35,48.6,48.725,48.528,147.0,20470,2025-02-21T00:00:00.0000000
805,PEGAS G8BM032025,Mar-2025,48.0,48.95,46.7,48.525,48.882,352.0,20651,2025-02-24T00:00:00.0000000
806,PEGAS G8BM032025,Mar-2025,48.5,48.5,45.2,45.5,45.86,113.0,20813,2025-02-25T00:00:00.0000000
807,PEGAS G8BM032025,Mar-2025,44.9,44.9,42.75,43.125,43.028,380.0,21095,2025-02-26T00:00:00.0000000
808,PEGAS G8BM032025,Mar-2025,45.7,46.8,45.5,46.75,46.518,100.0,19352,2025-02-27T00:00:00.0000000
809,PEGAS G8BM042025,Apr-2025,47.4,47.4,46.1,46.3,46.104,66.0,1853,2025-02-28T00:00:00.0000000
810,PEGAS G8BM042025,Apr-2025,48.0,48.0,46.525,46.85,47.0,30.0,1860,2025-03-03T00:00:00.0000000
811,PEGAS G8BM042025,Apr-2025,46.15,46.5,44.275,44.825,44.976,147.0,1956,2025-03-04T00:00:00.0000000
812,PEGAS G8BM042025,Apr-2025,44.8,45.0,42.7,42.8,42.722,111.0,2055,2025-03-05T00:00:00.0000000
813,PEGAS G8BM042025,Apr-2025,42.6,43.0,38.975,39.15,39.603,250.0,2197,2025-03-06T00:00:00.0000000
814,PEGAS G8BM042025,Apr-2025,38.1,42.4,38.1,40.595,41.307,198.0,2312,2025-03-07T00:00:00.0000000
815,PEGAS G8BM042025,Apr-2025,41.575,42.7,41.575,42.7,42.582,139.0,2444,2025-03-10T00:00:00.0000000
816,PEGAS G8BM042025,Apr-2025,43.525,44.75,42.5,44.75,44.172,137.0,2518,2025-03-11T00:00:00.0000000
817,PEGAS G8BM042025,Apr-2025,44.7,44.8,43.0,43.475,43.79,143.0,2638,2025-03-12T00:00:00.0000000
818,PEGAS G8BM042025,Apr-2025,44.42,44.8,43.25,43.6,43.466,408.0,2920,2025-03-13T00:00:00.0000000
819,PEGAS G8BM042025,Apr-2025,43.4,44.175,43.39,43.77,43.748,141.0,3047,2025-03-14T00:00:00.0000000
820,PEGAS G8BM042025,Apr-2025,43.25,43.49,42.5,42.95,42.755,230.0,3272,2025-03-17T00:00:00.0000000
821,PEGAS G8BM042025,Apr-2025,43.0,43.0,41.895,42.125,42.259,153.0,3426,2025-03-18T00:00:00.0000000
822,PEGAS G8BM042025,Apr-2025,43.8,45.2,43.715,45.0,45.021,203.0,3593,2025-03-19T00:00:00.0000000
823,PEGAS G8BM042025,Apr-2025,45.4,45.4,44.35,44.35,44.626,276.0,3821,2025-03-20T00:00:00.0000000
824,PEGAS G8BM042025,Apr-2025,45.7,45.8,44.005,44.065,44.258,296.0,5390,2025-03-21T00:00:00.0000000
825,PEGAS G8BM042025,Apr-2025,43.8,44.2,43.4,44.2,44.422,358.0,6391,2025-03-24T00:00:00.0000000
826,PEGAS G8BM042025,Apr-2025,43.85,44.5,43.0,43.0,43.338,351.0,7186,2025-03-25T00:00:00.0000000
827,PEGAS G8BM042025,Apr-2025,42.85,43.2,42.6,42.6,42.625,413.0,7521,2025-03-26T00:00:00.0000000
828,PEGAS G8BM042025,Apr-2025,43.05,43.475,42.8,42.8,42.96,259.0,18561,2025-03-27T00:00:00.0000000
829,PEGAS G8BM042025,Apr-2025,42.8,42.975,42.2,42.2,42.256,75.0,18622,2025-03-28T00:00:00.0000000
830,PEGAS G8BM052025,May-2025,43.2,43.2,41.97,42.5,42.614,188.0,11888,2025-03-31T00:00:00.0000000
831,PEGAS G8BM052025,May-2025,42.725,43.775,42.3,43.705,44.591,124.0,12006,2025-04-01T00:00:00.0000000
832,PEGAS G8BM052025,May-2025,44.2,44.4,43.25,43.3,43.417,188.0,12078,2025-04-02T00:00:00.0000000
833,PEGAS G8BM052025,May-2025,42.25,42.28,41.0,41.8,41.608,75.0,12150,2025-04-03T00:00:00.0000000
834,PEGAS G8BM052025,May-2025,38.43,38.675,37.725,38.6,38.604,300.0,12379,2025-04-04T00:00:00.0000000
835,PEGAS G8BM052025,May-2025,37.3,39.5,37.1,39.5,39.5,335.0,12665,2025-04-07T00:00:00.0000000
836,PEGAS G8BM052025,May-2025,39.0,39.33,38.16,38.5,38.741,455.0,12955,2025-04-08T00:00:00.0000000
837,PEGAS G8BM052025,May-2025,37.15,37.42,36.2,36.2,36.245,529.0,13500,2025-04-09T00:00:00.0000000
838,PEGAS G8BM052025,May-2025,37.015,37.5,35.75,35.75,35.801,301.0,13712,2025-04-10T00:00:00.0000000
839,PEGAS G8BM052025,May-2025,35.7,36.13,35.4,36.13,35.956,153.0,13849,2025-04-11T00:00:00.0000000
840,PEGAS G8BM052025,May-2025,36.55,37.0,36.5,36.96,36.991,274.0,14084,2025-04-14T00:00:00.0000000
841,PEGAS G8BM052025,May-2025,37.25,37.9,36.895,36.9,37.077,478.0,14510,2025-04-15T00:00:00.0000000
842,PEGAS G8BM052025,May-2025,37.3,38.2,37.25,37.64,37.865,402.0,14900,2025-04-16T00:00:00.0000000
843,PEGAS G8BM052025,May-2025,38.25,38.25,38.1,38.2,38.193,292.0,15184,2025-04-17T00:00:00.0000000
844,PEGAS G8BM052025,May-2025,37.0,37.3,36.55,36.55,36.682,232.0,15406,2025-04-22T00:00:00.0000000
845,PEGAS G8BM052025,May-2025,37.3,37.4,36.5,36.5,36.478,272.0,16898,2025-04-23T00:00:00.0000000
846,PEGAS G8BM052025,May-2025,35.55,35.95,35.55,35.9,35.688,454.0,17313,2025-04-24T00:00:00.0000000
847,PEGAS G8BM052025,May-2025,35.75,35.8,34.725,34.725,34.732,428.0,18016,2025-04-25T00:00:00.0000000
848,PEGAS G8BM052025,May-2025,34.725,35.1,34.5,34.87,34.762,160.0,17405,2025-04-28T00:00:00.0000000
849,PEGAS G8BM052025,May-2025,34.075,34.2,33.75,33.9,34.339,293.0,17623,2025-04-29T00:00:00.0000000
850,PEGAS G8BM062025,Jun-2025,34.0,34.825,34.0,34.825,34.694,83.0,11990,2025-04-30T00:00:00.0000000
851,PEGAS G8BM062025,Jun-2025,35.01,35.8,35.01,35.32,35.558,352.0,12332,2025-05-02T00:00:00.0000000
852,PEGAS G8BM062025,Jun-2025,35.235,35.375,35.1,35.225,35.541,90.0,12422,2025-05-05T00:00:00.0000000
853,PEGAS G8BM062025,Jun-2025,37.125,37.325,37.06,37.325,37.321,254.0,12675,2025-05-06T00:00:00.0000000
854,PEGAS G8BM062025,Jun-2025,38.0,38.0,37.1,37.1,37.117,257.0,12931,2025-05-07T00:00:00.0000000
855,PEGAS G8BM062025,Jun-2025,37.1,38.1,37.1,38.1,37.956,217.0,13122,2025-05-08T00:00:00.0000000
856,PEGAS G8BM062025,Jun-2025,37.95,38.05,37.395,37.395,37.325,164.0,13198,2025-05-09T00:00:00.0000000
857,PEGAS G8BM062025,Jun-2025,38.4,38.96,38.0,38.3,38.275,65.0,13255,2025-05-12T00:00:00.0000000
858,PEGAS G8BM062025,Jun-2025,38.41,38.5,38.0,38.475,38.495,162.0,13370,2025-05-13T00:00:00.0000000
859,PEGAS G8BM062025,Jun-2025,38.34,38.34,37.57,37.8,38.015,196.0,13464,2025-05-14T00:00:00.0000000
860,PEGAS G8BM062025,Jun-2025,37.885,37.89,37.8,37.8,38.408,79.0,13528,2025-05-15T00:00:00.0000000
861,PEGAS G8BM062025,Jun-2025,38.7,38.75,37.99,37.99,38.21,73.0,13544,2025-05-16T00:00:00.0000000
862,PEGAS G8BM062025,Jun-2025,38.175,38.4,38.175,38.4,38.386,83.0,13581,2025-05-19T00:00:00.0000000
863,PEGAS G8BM062025,Jun-2025,38.7,39.525,38.7,39.225,39.888,124.0,13643,2025-05-20T00:00:00.0000000
864,PEGAS G8BM062025,Jun-2025,40.285,40.75,40.2,40.2,39.654,61.0,13698,2025-05-21T00:00:00.0000000
865,PEGAS G8BM062025,Jun-2025,39.9,39.9,39.175,39.425,39.349,131.0,13829,2025-05-22T00:00:00.0000000
866,PEGAS G8BM062025,Jun-2025,39.575,39.8,39.375,39.375,39.549,382.0,15588,2025-05-23T00:00:00.0000000
867,PEGAS G8BM062025,Jun-2025,40.3,40.3,39.8,39.8,40.363,10.0,15595,2025-05-26T00:00:00.0000000
868,PEGAS G8BM062025,Jun-2025,40.1,40.2,39.8,40.2,40.204,276.0,15862,2025-05-27T00:00:00.0000000
869,PEGAS G8BM062025,Jun-2025,39.975,40.245,39.85,39.9,39.843,719.0,16896,2025-05-28T00:00:00.0000000
870,PEGAS G8BM062025,Jun-2025,39.85,39.86,38.475,38.475,38.482,374.0,17934,2025-05-29T00:00:00.0000000
871,PEGAS G8BM072025,Jul-2025,38.58,38.58,38.58,38.58,37.575,2.0,655,2025-05-30T00:00:00.0000000
872,PEGAS G8BM072025,Jul-2025,38.7,38.7,38.55,38.55,38.339,8.0,663,2025-06-02T00:00:00.0000000
873,PEGAS G8BM072025,Jul-2025,39.1,39.1,39.1,39.1,39.252,53.0,716,2025-06-03T00:00:00.0000000
874,PEGAS G8BM072025,Jul-2025,39.7,39.7,39.45,39.45,39.392,62.0,777,2025-06-04T00:00:00.0000000
875,PEGAS G8BM072025,Jul-2025,39.8,40.0,39.705,39.705,40.147,55.0,819,2025-06-05T00:00:00.0000000
876,PEGAS G8BM072025,Jul-2025,39.665,39.8,39.665,39.8,40.159,106.0,923,2025-06-06T00:00:00.0000000
877,PEGAS G8BM072025,Jul-2025,39.785,39.8,39.5,39.5,39.598,185.0,1104,2025-06-09T00:00:00.0000000
878,PEGAS G8BM072025,Jul-2025,38.6,38.6,38.35,38.4,38.583,43.0,1233,2025-06-10T00:00:00.0000000
879,PEGAS G8BM072025,Jul-2025,39.45,39.65,39.0,39.65,39.749,136.0,1567,2025-06-11T00:00:00.0000000
880,PEGAS G8BM072025,Jul-2025,39.875,40.2,39.875,40.2,40.077,141.0,1706,2025-06-12T00:00:00.0000000
881,PEGAS G8BM072025,Jul-2025,41.39,41.39,41.39,41.39,41.76,11.0,1757,2025-06-13T00:00:00.0000000
882,PEGAS G8BM072025,Jul-2025,42.56,42.675,41.3,41.72,41.696,630.0,2354,2025-06-16T00:00:00.0000000
